"Date","Price","Open","High","Low","Vol.","Change %"
"18-12-2025","2,229.90","2,236.40","2,245.00","2,211.20","501.82K","-0.12%"
"17-12-2025","2,232.50","2,247.60","2,255.00","2,221.00","651.51K","-0.69%"
"16-12-2025","2,247.90","2,270.00","2,276.80","2,232.10","654.71K","-1.36%"
"15-12-2025","2,278.90","2,282.40","2,300.00","2,273.00","573.03K","-0.15%"
"12-12-2025","2,282.40","2,277.70","2,296.80","2,270.20","929.20K","0.21%"
"11-12-2025","2,277.70","2,225.00","2,293.90","2,192.40","1.52M","2.99%"
"10-12-2025","2,211.60","2,255.80","2,267.50","2,204.10","935.15K","-1.50%"
"09-12-2025","2,245.20","2,216.20","2,257.00","2,178.40","1.23M","1.31%"
"08-12-2025","2,216.20","2,265.40","2,270.40","2,205.00","939.76K","-2.17%"
"05-12-2025","2,265.40","2,217.90","2,268.60","2,202.90","2.40M","2.14%"
"04-12-2025","2,217.90","2,188.00","2,231.70","2,183.40","2.52M","1.28%"
"03-12-2025","2,189.80","2,240.00","2,245.00","2,172.20","1.64M","-2.22%"
"02-12-2025","2,239.60","2,255.00","2,267.20","2,232.20","1.04M","-0.99%"
"01-12-2025","2,262.00","2,300.00","2,304.00","2,257.00","1.31M","-0.80%"
"28-11-2025","2,280.20","2,267.10","2,331.00","2,247.80","3.04M","1.12%"
"27-11-2025","2,255.00","2,310.00","2,320.50","2,243.00","1.47M","-2.59%"
"26-11-2025","2,315.00","2,321.20","2,357.00","2,310.00","1.03M","-0.77%"
"25-11-2025","2,332.90","2,400.90","2,407.70","2,325.30","2.22M","-2.76%"
"24-11-2025","2,399.20","2,426.20","2,432.30","2,393.10","691.42K","-0.95%"
"21-11-2025","2,422.30","2,450.00","2,456.20","2,418.00","547.54K","-0.97%"
"20-11-2025","2,446.10","2,450.10","2,478.90","2,440.40","1.53M","0.53%"
"19-11-2025","2,433.10","2,446.50","2,449.90","2,413.90","774.79K","-0.15%"
"18-11-2025","2,436.80","2,462.00","2,478.60","2,434.30","1.25M","-1.02%"
"17-11-2025","2,462.00","2,460.00","2,474.90","2,421.00","2.67M","0.90%"
"14-11-2025","2,440.00","2,423.71","2,475.77","2,405.29","4.64M","1.15%"
"13-11-2025","2,412.27","2,425.65","2,447.95","2,392.79","2.79M","-2.91%"
"12-11-2025","2,484.50","2,384.00","2,517.50","2,361.00","6.69M","8.28%"
"11-11-2025","2,294.58","2,295.74","2,306.31","2,267.14","654.13K","-0.16%"
"10-11-2025","2,298.36","2,308.25","2,315.13","2,291.86","577.43K","-3.00%"
"07-11-2025","2,369.40","2,315.00","2,402.50","2,291.40","2.23M","2.38%"
"06-11-2025","2,314.30","2,425.10","2,427.10","2,307.60","1.98M","-4.36%"
"04-11-2025","2,419.80","2,479.80","2,488.90","2,390.60","2.07M","-1.91%"
"03-11-2025","2,467.00","2,484.00","2,501.90","2,457.50","731.11K","-0.56%"
"31-10-2025","2,481.00","2,535.00","2,543.50","2,464.90","848.64K","-1.82%"
"30-10-2025","2,526.90","2,550.00","2,559.40","2,511.80","783.33K","-0.41%"
"29-10-2025","2,537.40","2,500.00","2,600.00","2,495.50","1.53M","1.72%"
"28-10-2025","2,494.40","2,495.00","2,516.00","2,479.10","626.99K","0.06%"
"27-10-2025","2,492.80","2,504.20","2,514.60","2,487.10","478.06K","-0.46%"
"24-10-2025","2,504.20","2,554.80","2,554.80","2,497.70","473.77K","-1.63%"
"23-10-2025","2,545.80","2,559.90","2,577.80","2,540.90","852.45K","-0.16%"
"21-10-2025","2,549.90","2,554.90","2,562.00","2,542.30","101.02K","0.07%"
"20-10-2025","2,548.10","2,561.30","2,579.00","2,537.10","747.35K","-0.05%"
"17-10-2025","2,549.40","2,560.00","2,577.20","2,543.10","682.97K","-0.32%"
"16-10-2025","2,557.60","2,544.80","2,579.70","2,540.90","1.02M","0.98%"
"15-10-2025","2,532.80","2,535.00","2,561.40","2,527.30","759.77K","0.63%"
"14-10-2025","2,517.00","2,538.90","2,538.90","2,485.20","673.05K","-0.41%"
"13-10-2025","2,527.40","2,529.10","2,542.10","2,504.00","645.48K","-0.92%"
"10-10-2025","2,550.90","2,552.00","2,565.00","2,538.80","690.14K","0.33%"
"09-10-2025","2,542.40","2,535.00","2,559.00","2,522.20","651.70K","0.73%"
"08-10-2025","2,524.10","2,562.00","2,565.00","2,500.00","1.06M","-0.71%"
"07-10-2025","2,542.20","2,580.70","2,617.30","2,533.10","1.12M","-1.22%"
"06-10-2025","2,573.50","2,589.10","2,599.80","2,562.60","654.96K","-0.63%"
"03-10-2025","2,589.90","2,595.00","2,612.90","2,564.40","917.65K","-0.11%"
"01-10-2025","2,592.70","2,518.40","2,603.40","2,472.10","1.57M","3.46%"
"30-09-2025","2,505.90","2,522.00","2,535.00","2,490.60","712.59K","-0.14%"
"29-09-2025","2,509.50","2,543.70","2,555.00","2,505.00","1.01M","-1.34%"
"26-09-2025","2,543.70","2,572.80","2,605.00","2,535.00","1.04M","-1.27%"
"25-09-2025","2,576.40","2,625.00","2,647.90","2,567.00","1.49M","-1.66%"
"24-09-2025","2,619.80","2,655.00","2,676.00","2,614.40","1.72M","-2.11%"
"23-09-2025","2,676.40","2,642.60","2,695.00","2,593.00","5.61M","1.78%"
"22-09-2025","2,629.50","2,535.00","2,659.00","2,522.10","7.02M","4.18%"
"19-09-2025","2,524.00","2,495.00","2,579.00","2,466.10","7.97M","5.08%"
"18-09-2025","2,402.00","2,414.50","2,438.00","2,388.40","703.73K","0.00%"
"17-09-2025","2,402.00","2,417.00","2,417.00","2,391.00","514.35K","0.11%"
"16-09-2025","2,399.40","2,410.00","2,415.80","2,388.00","752.98K","0.67%"
"15-09-2025","2,383.40","2,392.00","2,402.80","2,378.10","298.13K","-0.36%"
"12-09-2025","2,392.00","2,416.90","2,421.60","2,387.10","533.97K","-0.28%"
"11-09-2025","2,398.80","2,348.00","2,418.70","2,340.20","2.11M","2.50%"
"10-09-2025","2,340.20","2,330.00","2,345.90","2,325.10","390.49K","1.24%"
"09-09-2025","2,311.60","2,320.00","2,325.00","2,297.00","369.43K","0.03%"
"08-09-2025","2,310.90","2,290.00","2,333.90","2,286.00","542.81K","1.29%"
"05-09-2025","2,281.40","2,275.00","2,293.50","2,248.00","443.01K","0.11%"
"04-09-2025","2,278.80","2,309.90","2,317.30","2,275.00","392.70K","-0.43%"
"03-09-2025","2,288.70","2,285.00","2,293.00","2,263.10","443.63K","0.64%"
"02-09-2025","2,274.20","2,291.00","2,302.00","2,264.00","481.89K","-0.44%"
"01-09-2025","2,284.20","2,259.00","2,288.00","2,252.10","425.64K","1.76%"
"29-08-2025","2,244.70","2,283.00","2,289.70","2,240.00","795.70K","-1.34%"
"28-08-2025","2,275.20","2,271.90","2,327.90","2,255.00","907.87K","0.14%"
"26-08-2025","2,272.00","2,304.00","2,309.30","2,249.40","1.07M","-1.34%"
"25-08-2025","2,302.90","2,335.70","2,348.40","2,300.00","542.46K","-0.95%"
"22-08-2025","2,324.90","2,369.90","2,376.30","2,321.00","584.21K","-2.20%"
"21-08-2025","2,377.20","2,387.10","2,397.00","2,371.40","441.87K","-0.41%"
"20-08-2025","2,387.10","2,380.00","2,406.00","2,372.10","780.03K","-0.05%"
"19-08-2025","2,388.40","2,339.90","2,395.60","2,314.10","1.07M","2.35%"
"18-08-2025","2,333.60","2,309.60","2,360.00","2,300.00","988.63K","2.28%"
"14-08-2025","2,281.60","2,288.00","2,304.00","2,267.70","998.11K","0.07%"
"13-08-2025","2,280.10","2,299.00","2,314.90","2,245.40","833.68K","-0.35%"
"12-08-2025","2,288.20","2,280.10","2,314.70","2,267.00","1.08M","0.21%"
"11-08-2025","2,283.40","2,196.00","2,302.00","2,183.00","2.38M","4.83%"
"08-08-2025","2,178.10","2,247.00","2,260.90","2,164.80","2.55M","-3.19%"
"07-08-2025","2,249.80","2,290.00","2,295.00","2,202.80","1.53M","-2.20%"
"06-08-2025","2,300.30","2,333.90","2,347.90","2,296.00","631.58K","-1.20%"
"05-08-2025","2,328.20","2,370.00","2,370.00","2,316.00","576.74K","-1.50%"
"04-08-2025","2,363.60","2,360.00","2,374.70","2,338.20","576.43K","0.54%"
"01-08-2025","2,350.90","2,425.00","2,444.90","2,333.00","976.34K","-3.28%"
"31-07-2025","2,430.70","2,509.90","2,520.00","2,422.60","1.46M","-4.03%"
"30-07-2025","2,532.90","2,547.90","2,552.60","2,525.00","262.06K","-0.59%"
"29-07-2025","2,547.90","2,529.00","2,557.40","2,507.50","424.78K","1.01%"
"28-07-2025","2,522.30","2,549.00","2,585.00","2,512.60","428.41K","-1.09%"
"25-07-2025","2,550.10","2,605.00","2,617.00","2,544.10","424.61K","-2.24%"
"24-07-2025","2,608.40","2,615.40","2,624.20","2,595.00","253.78K","-0.23%"
"23-07-2025","2,614.50","2,600.70","2,625.90","2,593.50","316.42K","1.03%"
"22-07-2025","2,587.80","2,626.00","2,630.00","2,581.60","387.06K","-1.21%"
"21-07-2025","2,619.50","2,596.30","2,624.90","2,585.00","369.78K","0.90%"
"18-07-2025","2,596.10","2,612.00","2,626.70","2,584.20","479.94K","-0.78%"
"17-07-2025","2,616.60","2,612.00","2,654.50","2,605.30","785.77K","0.31%"
"16-07-2025","2,608.50","2,602.50","2,619.50","2,595.50","686.64K","0.40%"
"15-07-2025","2,598.20","2,588.00","2,606.90","2,576.00","379.43K","0.65%"
"14-07-2025","2,581.30","2,555.00","2,604.80","2,543.50","536.59K","0.88%"
"11-07-2025","2,558.70","2,575.00","2,591.90","2,551.90","390.65K","-0.86%"
"10-07-2025","2,581.00","2,591.00","2,604.00","2,575.00","306.57K","-0.08%"
"09-07-2025","2,583.00","2,599.00","2,609.90","2,570.00","396.88K","-0.32%"
"08-07-2025","2,591.30","2,586.00","2,600.00","2,573.00","357.70K","0.59%"
"07-07-2025","2,576.10","2,602.00","2,605.40","2,572.00","412.16K","-0.88%"
"04-07-2025","2,599.10","2,617.00","2,617.00","2,582.20","370.31K","-0.46%"
"03-07-2025","2,611.20","2,634.00","2,644.00","2,605.10","502.72K","-0.72%"
"02-07-2025","2,630.20","2,634.00","2,646.00","2,613.60","621.41K","0.32%"
"01-07-2025","2,621.80","2,624.90","2,645.00","2,603.00","729.20K","0.09%"
"30-06-2025","2,619.40","2,650.00","2,653.90","2,605.90","694.82K","-1.02%"
"27-06-2025","2,646.30","2,587.70","2,681.60","2,582.00","4.05M","2.32%"
"26-06-2025","2,586.20","2,535.00","2,593.60","2,522.20","1.34M","2.33%"
"25-06-2025","2,527.20","2,519.90","2,541.60","2,512.10","921.35K","0.86%"
"24-06-2025","2,505.60","2,504.00","2,544.60","2,500.20","996.41K","1.36%"
"23-06-2025","2,472.00","2,438.00","2,492.60","2,421.00","790.54K","0.96%"
"20-06-2025","2,448.40","2,428.00","2,461.30","2,415.00","3.00M","1.15%"
"19-06-2025","2,420.60","2,466.30","2,468.90","2,405.10","688.21K","-1.57%"
"18-06-2025","2,459.10","2,491.90","2,495.90","2,445.40","667.04K","-1.18%"
"17-06-2025","2,488.50","2,535.00","2,539.60","2,479.00","703.34K","-2.18%"
"16-06-2025","2,544.00","2,500.00","2,563.30","2,462.00","956.46K","1.44%"
"13-06-2025","2,507.90","2,498.00","2,516.00","2,460.00","695.87K","-1.41%"
"12-06-2025","2,543.70","2,591.50","2,601.80","2,530.00","955.10K","-1.45%"
"11-06-2025","2,581.20","2,630.00","2,630.90","2,563.10","745.43K","-1.22%"
"10-06-2025","2,613.10","2,600.00","2,663.20","2,577.70","2.08M","1.20%"
"09-06-2025","2,582.10","2,545.00","2,604.10","2,524.50","1.71M","1.89%"
"06-06-2025","2,534.20","2,514.90","2,553.30","2,504.00","640.68K","1.19%"
"05-06-2025","2,504.40","2,495.00","2,530.10","2,487.50","673.21K","0.60%"
"04-06-2025","2,489.40","2,480.00","2,503.00","2,441.10","552.67K","0.75%"
"03-06-2025","2,470.90","2,511.00","2,512.50","2,452.00","962.71K","-1.90%"
"02-06-2025","2,518.80","2,527.00","2,564.00","2,514.90","1.01M","-0.04%"
"30-05-2025","2,519.90","2,550.00","2,564.00","2,513.80","684.59K","-0.82%"
"29-05-2025","2,540.80","2,536.70","2,559.00","2,511.00","802.32K","1.03%"
"28-05-2025","2,515.00","2,559.00","2,559.00","2,510.00","575.99K","-1.00%"
"27-05-2025","2,540.30","2,545.90","2,569.10","2,526.10","514.94K","-0.29%"
"26-05-2025","2,547.70","2,549.10","2,568.90","2,541.30","552.91K","0.30%"
"23-05-2025","2,540.00","2,499.00","2,548.10","2,490.50","968.42K","2.11%"
"22-05-2025","2,487.60","2,500.40","2,521.90","2,465.30","906.91K","-0.51%"
"21-05-2025","2,500.40","2,509.70","2,524.50","2,483.70","529.23K","-0.05%"
"20-05-2025","2,501.60","2,545.00","2,564.80","2,492.50","628.02K","-1.54%"
"19-05-2025","2,540.60","2,571.30","2,578.80","2,536.00","681.00K","-0.56%"
"16-05-2025","2,555.00","2,529.00","2,584.20","2,516.20","1.64M","1.39%"
"15-05-2025","2,520.00","2,463.40","2,526.80","2,450.70","1.55M","2.36%"
"14-05-2025","2,461.90","2,444.90","2,481.90","2,430.10","774.44K","0.85%"
"13-05-2025","2,441.20","2,425.00","2,454.90","2,405.00","1.82M","0.66%"
"12-05-2025","2,425.30","2,350.00","2,433.30","2,315.00","2.15M","7.74%"
"09-05-2025","2,251.00","2,240.00","2,273.10","2,233.00","1.01M","-1.50%"
"08-05-2025","2,285.30","2,362.00","2,367.80","2,260.00","1.38M","-2.88%"
"07-05-2025","2,353.10","2,315.00","2,379.50","2,315.00","1.01M","-0.04%"
"06-05-2025","2,354.00","2,454.00","2,463.20","2,343.50","1.52M","-4.13%"
"05-05-2025","2,455.50","2,312.60","2,497.00","2,297.80","4.23M","7.03%"
"02-05-2025","2,294.20","2,349.90","2,372.40","2,289.40","1.96M","-0.31%"
"30-04-2025","2,301.30","2,331.40","2,340.00","2,285.00","837.46K","-1.26%"
"29-04-2025","2,330.60","2,392.00","2,400.00","2,325.60","670.73K","-1.65%"
"28-04-2025","2,369.80","2,346.00","2,402.00","2,337.60","681.42K","0.66%"
"25-04-2025","2,354.30","2,450.10","2,459.50","2,323.50","1.41M","-3.61%"
"24-04-2025","2,442.50","2,450.00","2,461.40","2,425.10","596.70K","-0.45%"
"23-04-2025","2,453.60","2,460.00","2,473.80","2,421.20","672.26K","0.33%"
"22-04-2025","2,445.50","2,458.90","2,483.40","2,441.00","766.57K","0.11%"
"21-04-2025","2,442.70","2,426.10","2,464.90","2,395.50","782.56K","1.02%"
"17-04-2025","2,418.10","2,418.00","2,448.60","2,392.00","1.05M","0.10%"
"16-04-2025","2,415.60","2,400.00","2,428.00","2,382.90","889.95K","-0.11%"
"15-04-2025","2,418.20","2,375.00","2,440.00","2,359.00","1.15M","4.17%"
"11-04-2025","2,321.40","2,303.05","2,343.50","2,281.00","981.46K","3.78%"
"09-04-2025","2,236.90","2,265.70","2,279.55","2,215.20","1.00M","-2.14%"
"08-04-2025","2,285.70","2,270.00","2,301.00","2,225.00","1.22M","3.30%"
"07-04-2025","2,212.70","2,150.05","2,239.00","2,145.00","1.57M","-5.22%"
"04-04-2025","2,334.65","2,394.95","2,410.05","2,315.50","1.22M","-3.16%"
"03-04-2025","2,410.80","2,339.75","2,429.90","2,339.70","1.02M","1.75%"
"02-04-2025","2,369.40","2,339.75","2,378.85","2,314.55","573.93K","1.46%"
"01-04-2025","2,335.25","2,312.00","2,358.95","2,301.00","501.94K","0.84%"
"28-03-2025","2,315.80","2,376.00","2,386.95","2,293.70","1.84M","-2.01%"
"27-03-2025","2,363.35","2,310.00","2,373.90","2,291.60","1.70M","2.19%"
"26-03-2025","2,312.60","2,324.90","2,359.85","2,308.05","1.08M","-0.33%"
"25-03-2025","2,320.35","2,385.00","2,387.65","2,315.10","763.07K","-2.04%"
"24-03-2025","2,368.70","2,370.00","2,395.00","2,361.10","1.01M","0.25%"
"21-03-2025","2,362.80","2,343.80","2,389.55","2,338.00","1.10M","1.00%"
"20-03-2025","2,339.30","2,348.00","2,348.00","2,299.00","2.59M","0.89%"
"19-03-2025","2,318.65","2,319.95","2,342.00","2,311.05","1.03M","0.44%"
"18-03-2025","2,308.50","2,274.00","2,314.20","2,259.75","878.01K","2.48%"
"17-03-2025","2,252.70","2,200.00","2,286.90","2,198.00","927.74K","1.42%"
"13-03-2025","2,221.10","2,249.00","2,273.00","2,215.60","750.31K","-0.92%"
"12-03-2025","2,241.80","2,270.00","2,280.00","2,180.95","1.05M","-0.39%"
"11-03-2025","2,250.60","2,223.15","2,267.85","2,208.30","947.08K","1.00%"
"10-03-2025","2,228.30","2,245.00","2,288.00","2,220.00","940.11K","-0.85%"
"07-03-2025","2,247.50","2,249.95","2,267.65","2,227.00","818.81K","-0.24%"
"06-03-2025","2,252.85","2,260.00","2,268.90","2,226.15","890.27K","0.31%"
"05-03-2025","2,245.85","2,153.95","2,258.40","2,148.05","1.37M","4.71%"
"04-03-2025","2,144.80","2,085.10","2,154.00","2,080.00","852.98K","1.31%"
"03-03-2025","2,117.10","2,109.00","2,127.25","2,026.55","1.59M","1.01%"
"28-02-2025","2,096.00","2,107.00","2,111.35","2,072.00","2.37M","-0.71%"
"27-02-2025","2,110.95","2,143.75","2,149.10","2,102.50","941.95K","-0.89%"
"25-02-2025","2,129.85","2,115.15","2,158.30","2,102.00","802.13K","0.69%"
"24-02-2025","2,115.15","2,128.95","2,138.50","2,096.70","1.03M","-0.84%"
"21-02-2025","2,133.10","2,190.45","2,199.60","2,116.85","1.54M","-2.11%"
"20-02-2025","2,179.00","2,180.80","2,216.35","2,156.80","1.09M","-0.08%"
"19-02-2025","2,180.80","2,166.00","2,219.40","2,127.00","1.20M","-1.78%"
"18-02-2025","2,220.30","2,240.00","2,240.00","2,166.05","1.14M","-0.15%"
"17-02-2025","2,223.70","2,152.65","2,240.40","2,110.65","1.40M","3.30%"
"14-02-2025","2,152.65","2,245.70","2,249.30","2,124.55","2.55M","-4.10%"
"13-02-2025","2,244.70","2,354.00","2,372.75","2,233.40","2.55M","-4.62%"
"12-02-2025","2,353.45","2,325.00","2,378.45","2,281.00","1.93M","1.37%"
"11-02-2025","2,321.75","2,312.00","2,397.00","2,306.00","4.90M","1.35%"
"10-02-2025","2,290.80","2,350.00","2,350.95","2,280.10","739.71K","-2.05%"
"07-02-2025","2,338.80","2,312.45","2,374.90","2,307.35","892.90K","1.14%"
"06-02-2025","2,312.45","2,340.00","2,340.00","2,298.20","680.54K","-0.52%"
"05-02-2025","2,324.60","2,314.95","2,349.40","2,309.05","560.94K","1.00%"
"04-02-2025","2,301.50","2,278.90","2,312.00","2,267.55","691.19K","1.75%"
"03-02-2025","2,261.85","2,266.75","2,279.00","2,213.90","824.94K","-0.36%"
"01-02-2025","2,270.00","2,297.00","2,351.45","2,237.55","987.36K","-0.78%"
"31-01-2025","2,287.80","2,238.85","2,314.95","2,213.75","2.01M","1.56%"
"30-01-2025","2,252.60","2,325.00","2,351.50","2,201.30","2.60M","-2.85%"
"29-01-2025","2,318.60","2,297.00","2,326.25","2,282.60","785.22K","1.42%"
"28-01-2025","2,286.05","2,274.20","2,315.85","2,242.00","966.50K","1.17%"
"27-01-2025","2,259.70","2,310.05","2,318.10","2,250.05","1.03M","-2.39%"
"24-01-2025","2,315.10","2,387.75","2,406.00","2,299.40","1.39M","-2.93%"
"23-01-2025","2,385.00","2,383.00","2,405.15","2,355.00","826.72K","0.36%"
"22-01-2025","2,376.55","2,399.00","2,399.00","2,325.15","1.15M","-0.33%"
"21-01-2025","2,384.30","2,441.75","2,441.75","2,373.65","1.21M","-2.39%"
"20-01-2025","2,442.80","2,413.75","2,454.00","2,390.00","1.04M","1.79%"
"17-01-2025","2,399.80","2,450.00","2,450.00","2,380.05","1.12M","-1.16%"
"16-01-2025","2,427.85","2,500.00","2,570.00","2,418.85","2.84M","1.66%"
"15-01-2025","2,388.15","2,399.00","2,421.95","2,372.65","1.42M","0.32%"
"14-01-2025","2,380.55","2,241.50","2,422.90","2,241.50","4.12M","6.98%"
"13-01-2025","2,225.15","2,365.00","2,365.00","2,216.90","1.56M","-6.29%"
"10-01-2025","2,374.40","2,480.00","2,484.60","2,368.25","1.42M","-4.18%"
"09-01-2025","2,477.90","2,517.00","2,517.55","2,469.50","705.84K","-1.48%"
"08-01-2025","2,515.25","2,520.55","2,530.00","2,490.00","879.64K","-0.21%"
"07-01-2025","2,520.55","2,474.65","2,525.00","2,474.65","1.02M","1.86%"
"06-01-2025","2,474.45","2,557.65","2,568.85","2,463.50","1.12M","-3.52%"
"03-01-2025","2,564.60","2,580.00","2,619.00","2,556.60","932.80K","-1.27%"
"02-01-2025","2,597.70","2,565.70","2,602.00","2,537.00","1.17M","1.68%"
"01-01-2025","2,554.85","2,536.00","2,644.20","2,518.25","2.88M","1.04%"
"31-12-2024","2,528.65","2,575.00","2,577.75","2,507.45","2.75M","-2.46%"
"30-12-2024","2,592.35","2,425.00","2,610.00","2,421.95","7.83M","7.57%"
"27-12-2024","2,409.95","2,415.00","2,446.15","2,390.50","1.98M","0.40%"
"26-12-2024","2,400.25","2,378.05","2,410.00","2,368.00","895.79K","1.17%"
"24-12-2024","2,372.45","2,355.20","2,412.90","2,340.00","1.16M","1.43%"
"23-12-2024","2,338.95","2,373.95","2,379.50","2,332.75","758.92K","-0.26%"
"20-12-2024","2,344.95","2,429.00","2,453.85","2,333.00","1.34M","-3.08%"
"19-12-2024","2,419.35","2,429.00","2,434.00","2,397.10","1.18M","-1.55%"
"18-12-2024","2,457.40","2,489.00","2,496.60","2,452.00","990.22K","-1.21%"
"17-12-2024","2,487.60","2,512.00","2,525.00","2,480.75","1.06M","-0.99%"
"16-12-2024","2,512.40","2,530.00","2,537.50","2,503.00","654.32K","-0.60%"
"13-12-2024","2,527.55","2,504.00","2,545.00","2,479.05","1.94M","0.94%"
"12-12-2024","2,504.10","2,457.00","2,534.80","2,446.25","2.58M","1.91%"
"11-12-2024","2,457.25","2,469.00","2,480.00","2,451.00","712.67K","-0.40%"
"10-12-2024","2,467.20","2,501.00","2,501.00","2,455.00","1.12M","-1.15%"
"09-12-2024","2,495.85","2,507.90","2,526.00","2,483.15","958.37K","-0.42%"
"06-12-2024","2,506.40","2,520.00","2,535.00","2,502.50","1.24M","-0.64%"
"05-12-2024","2,522.55","2,505.00","2,538.15","2,470.25","3.33M","1.11%"
"04-12-2024","2,494.75","2,528.00","2,530.05","2,470.10","2.34M","-0.77%"
"03-12-2024","2,514.20","2,464.00","2,558.00","2,462.05","4.07M","2.33%"
"02-12-2024","2,457.05","2,491.35","2,508.00","2,426.60","3.81M","-0.25%"
"29-11-2024","2,463.15","2,464.05","2,520.00","2,400.00","8.19M","1.07%"
"28-11-2024","2,437.10","2,440.00","2,526.30","2,400.00","14.45M","1.64%"
"27-11-2024","2,397.80","2,180.00","2,418.00","2,142.15","17.50M","11.50%"
"26-11-2024","2,150.50","2,265.60","2,292.85","2,136.00","7.72M","-4.74%"
"25-11-2024","2,257.50","2,315.00","2,333.65","2,238.00","7.47M","1.32%"
"22-11-2024","2,228.00","2,101.00","2,289.70","2,025.00","20.94M","2.03%"
"21-11-2024","2,183.65","2,539.35","2,539.35","2,155.05","21.80M","-22.61%"
"19-11-2024","2,821.50","2,831.00","2,894.80","2,809.80","536.30K","0.10%"
"18-11-2024","2,818.70","2,826.80","2,858.65","2,793.30","489.69K","-0.29%"
"14-11-2024","2,826.80","2,824.00","2,844.80","2,801.00","646.80K","0.36%"
"13-11-2024","2,816.70","2,860.00","2,889.00","2,808.00","890.15K","-1.86%"
"12-11-2024","2,870.00","2,910.00","2,930.45","2,855.00","597.23K","-1.16%"
"11-11-2024","2,903.65","2,928.00","2,946.80","2,888.00","584.14K","-0.87%"
"08-11-2024","2,929.10","2,965.10","2,995.00","2,911.25","835.64K","-1.38%"
"07-11-2024","2,970.10","3,045.00","3,045.00","2,943.05","1.29M","-2.50%"
"06-11-2024","3,046.25","2,918.00","3,070.00","2,918.00","1.68M","4.48%"
"05-11-2024","2,915.55","2,897.40","2,924.00","2,870.00","752.30K","0.63%"
"04-11-2024","2,897.40","2,935.00","2,943.00","2,857.75","1.06M","-1.77%"
"01-11-2024","2,949.50","2,960.00","2,975.60","2,928.40","304.67K","0.08%"
"31-10-2024","2,947.25","2,967.90","2,976.50","2,933.85","1.16M","-0.74%"
"30-10-2024","2,969.30","2,864.00","2,997.15","2,815.05","2.88M","4.24%"
"29-10-2024","2,848.60","2,803.00","2,863.05","2,732.85","1.53M","1.78%"
"28-10-2024","2,798.65","2,701.10","2,822.40","2,672.10","1.39M","3.91%"
"25-10-2024","2,693.45","2,845.00","2,847.00","2,654.70","1.95M","-4.83%"
"24-10-2024","2,830.20","2,841.05","2,875.15","2,807.90","942.07K","-0.19%"
"23-10-2024","2,835.55","2,840.85","2,879.00","2,820.10","1.27M","0.42%"
"22-10-2024","2,823.80","2,938.00","2,955.00","2,818.00","1.21M","-3.88%"
"21-10-2024","2,937.65","3,005.15","3,014.95","2,916.95","1.05M","-2.14%"
"18-10-2024","3,002.00","2,990.00","3,031.70","2,968.10","796.34K","-0.39%"
"17-10-2024","3,013.75","3,089.95","3,100.00","2,993.00","2.66M","-2.34%"
"16-10-2024","3,085.90","3,098.00","3,115.40","3,061.00","543.48K","-0.61%"
"15-10-2024","3,104.70","3,124.00","3,128.00","3,091.50","371.61K","0.12%"
"14-10-2024","3,101.10","3,145.00","3,150.10","3,092.85","437.73K","-1.15%"
"11-10-2024","3,137.20","3,174.20","3,190.00","3,116.00","1.04M","-1.17%"
"10-10-2024","3,174.20","3,140.00","3,211.00","3,056.10","2.91M","0.65%"
"09-10-2024","3,153.75","3,175.00","3,179.95","3,134.40","897.34K","-0.22%"
"08-10-2024","3,160.70","3,018.50","3,170.00","2,994.85","1.78M","4.73%"
"07-10-2024","3,018.00","3,110.65","3,128.50","2,980.45","1.74M","-2.98%"
"04-10-2024","3,110.65","3,119.90","3,149.50","3,070.00","987.58K","-0.17%"
"03-10-2024","3,116.00","3,150.00","3,196.35","3,084.10","1.31M","-2.20%"
"01-10-2024","3,186.10","3,136.30","3,192.00","3,107.00","1.37M","1.60%"
"30-09-2024","3,135.85","3,129.00","3,209.90","3,120.40","1.61M","0.18%"
"27-09-2024","3,130.30","3,122.00","3,179.00","3,116.00","2.30M","0.24%"
"26-09-2024","3,122.65","3,085.00","3,148.00","3,085.00","1.55M","0.57%"
"25-09-2024","3,105.10","3,108.00","3,123.90","3,080.20","913.01K","0.36%"
"24-09-2024","3,093.90","3,055.00","3,101.00","3,040.25","1.02M","1.64%"
"23-09-2024","3,043.95","3,020.00","3,070.00","3,015.25","897.31K","1.18%"
"20-09-2024","3,008.50","2,948.15","3,025.00","2,942.05","1.79M","2.22%"
"19-09-2024","2,943.15","2,975.05","2,975.25","2,890.35","1.66M","-0.44%"
"18-09-2024","2,956.30","2,976.00","2,984.75","2,935.00","831.89K","-0.64%"
"17-09-2024","2,975.20","2,990.05","2,995.90","2,952.50","698.70K","-0.32%"
"16-09-2024","2,984.90","2,972.00","3,026.40","2,972.00","695.16K","0.56%"
"13-09-2024","2,968.35","2,972.00","3,001.95","2,956.05","815.95K","-0.76%"
"12-09-2024","2,991.00","2,950.00","3,000.00","2,917.15","1.31M","1.81%"
"11-09-2024","2,937.85","2,985.00","2,992.95","2,928.00","888.63K","-1.63%"
"10-09-2024","2,986.40","2,971.60","3,007.40","2,947.60","803.78K","0.75%"
"09-09-2024","2,964.15","2,972.10","2,972.50","2,927.30","1.52M","-0.38%"
"06-09-2024","2,975.45","3,019.00","3,025.00","2,968.00","1.25M","-1.32%"
"05-09-2024","3,015.35","3,025.00","3,037.90","3,002.00","734.27K","0.10%"
"04-09-2024","3,012.35","3,010.00","3,025.00","2,955.20","1.21M","-0.78%"
"03-09-2024","3,036.10","3,037.00","3,053.05","3,023.80","1.37M","-0.20%"
"02-09-2024","3,042.15","3,021.10","3,059.15","2,997.60","1.84M","0.76%"
"30-08-2024","3,019.35","3,030.00","3,038.55","3,003.30","3.51M","-0.03%"
"29-08-2024","3,020.15","3,030.00","3,041.95","2,981.30","1.85M","-0.26%"
"28-08-2024","3,028.00","3,078.00","3,078.00","3,022.10","1.57M","-1.27%"
"27-08-2024","3,067.10","3,072.20","3,095.75","3,064.00","1.31M","-0.06%"
"26-08-2024","3,069.00","3,088.00","3,090.00","3,055.00","1.63M","-0.24%"
"23-08-2024","3,076.35","3,101.00","3,123.00","3,067.60","1.38M","-0.73%"
"22-08-2024","3,099.05","3,130.75","3,150.00","3,091.00","1.38M","-0.53%"
"21-08-2024","3,115.70","3,070.65","3,153.30","3,068.40","1.38M","1.47%"
"20-08-2024","3,070.65","3,118.95","3,126.00","3,058.85","662.26K","-1.03%"
"19-08-2024","3,102.55","3,122.05","3,134.30","3,092.95","557.27K","-0.20%"
"16-08-2024","3,108.80","3,070.00","3,121.60","3,039.35","970.07K","2.26%"
"14-08-2024","3,040.10","3,085.70","3,085.70","3,027.75","1.23M","-1.68%"
"13-08-2024","3,092.20","3,170.05","3,178.10","3,081.75","2.19M","-1.89%"
"12-08-2024","3,151.75","3,100.00","3,169.85","3,014.00","10.31M","-1.12%"
"09-08-2024","3,187.55","3,209.00","3,219.30","3,171.05","760.17K","0.63%"
"08-08-2024","3,167.55","3,190.55","3,242.65","3,156.55","2.14M","-0.58%"
"07-08-2024","3,185.95","3,118.00","3,190.00","3,112.00","1.87M","3.69%"
"06-08-2024","3,072.70","3,084.00","3,142.80","3,057.25","2.13M","1.14%"
"05-08-2024","3,038.20","3,085.00","3,133.05","2,996.30","2.24M","-3.88%"
"02-08-2024","3,160.90","3,200.00","3,215.00","3,111.00","3.36M","-1.75%"
"01-08-2024","3,217.25","3,180.00","3,258.00","3,151.70","6.15M","1.51%"
"31-07-2024","3,169.40","3,141.00","3,197.50","3,135.00","2.41M","1.30%"
"30-07-2024","3,128.75","3,092.00","3,155.00","3,066.65","1.65M","1.28%"
"29-07-2024","3,089.35","3,094.30","3,120.35","3,074.00","1.04M","0.29%"
"26-07-2024","3,080.50","2,995.00","3,109.00","2,988.10","1.94M","3.60%"
"25-07-2024","2,973.50","2,960.70","3,017.65","2,945.10","1.11M","0.09%"
"24-07-2024","2,970.70","2,995.35","3,007.50","2,959.30","693.70K","-0.82%"
"23-07-2024","2,995.35","3,020.00","3,038.00","2,886.35","1.44M","-0.18%"
"22-07-2024","3,000.85","3,005.70","3,026.90","2,972.15","662.09K","-0.16%"
"19-07-2024","3,005.70","3,092.00","3,094.50","3,000.00","1.03M","-2.80%"
"18-07-2024","3,092.20","3,106.00","3,111.00","3,057.15","1.02M","-0.55%"
"16-07-2024","3,109.30","3,110.00","3,137.75","3,096.10","988.36K","0.61%"
"15-07-2024","3,090.40","3,066.10","3,103.50","3,058.35","724.17K","0.81%"
"12-07-2024","3,065.45","3,090.00","3,098.80","3,058.35","756.04K","-0.42%"
"11-07-2024","3,078.30","3,118.70","3,129.80","3,074.10","899.78K","-0.57%"
"10-07-2024","3,096.00","3,120.10","3,127.25","3,063.40","586.71K","-0.47%"
"09-07-2024","3,110.75","3,115.95","3,158.00","3,100.50","922.40K","-0.09%"
"08-07-2024","3,113.60","3,147.90","3,158.20","3,075.00","1.16M","-1.09%"
"05-07-2024","3,147.90","3,143.90","3,158.55","3,123.95","663.99K","0.12%"
"04-07-2024","3,144.25","3,192.00","3,194.45","3,138.05","1.06M","-1.46%"
"03-07-2024","3,190.95","3,158.00","3,194.55","3,147.75","1.15M","1.20%"
"02-07-2024","3,153.20","3,179.85","3,207.80","3,131.05","1.49M","-0.96%"
"01-07-2024","3,183.80","3,179.95","3,193.15","3,157.55","832.17K","0.21%"
"28-06-2024","3,177.15","3,190.00","3,211.95","3,157.00","960.91K","0.06%"
"27-06-2024","3,175.15","3,177.00","3,202.25","3,150.00","5.11M","0.15%"
"26-06-2024","3,170.50","3,169.05","3,187.70","3,163.90","2.14M","-0.02%"
"25-06-2024","3,171.10","3,204.75","3,208.45","3,156.35","1.69M","-0.74%"
"24-06-2024","3,194.60","3,185.75","3,214.80","3,135.00","3.26M","0.17%"
"21-06-2024","3,189.30","3,265.05","3,277.10","3,176.40","4.70M","-2.15%"
"20-06-2024","3,259.45","3,263.90","3,315.00","3,240.00","1.37M","-0.08%"
"19-06-2024","3,261.90","3,314.00","3,314.00","3,226.30","1.42M","-1.42%"
"18-06-2024","3,309.05","3,310.00","3,345.00","3,287.20","1.76M","1.45%"
"14-06-2024","3,261.75","3,225.00","3,275.00","3,221.10","4.22M","1.15%"
"13-06-2024","3,224.80","3,230.00","3,254.00","3,207.25","3.20M","0.18%"
"12-06-2024","3,219.05","3,224.90","3,245.00","3,208.00","3.02M","-0.07%"
"11-06-2024","3,221.25","3,224.00","3,265.00","3,195.05","4.17M","0.04%"
"10-06-2024","3,220.10","3,267.00","3,284.40","3,205.50","4.94M","0.02%"
"07-06-2024","3,219.55","3,170.40","3,233.75","3,151.60","4.74M","1.06%"
"06-06-2024","3,185.65","3,184.00","3,222.40","3,137.15","5.87M","2.26%"
"05-06-2024","3,115.35","3,030.00","3,150.00","2,750.00","8.78M","5.92%"
"04-06-2024","2,941.25","3,520.00","3,520.00","2,733.95","20.31M","-19.31%"
"03-06-2024","3,645.25","3,725.00","3,743.90","3,586.05","8.51M","6.86%"
"31-05-2024","3,411.35","3,225.25","3,434.45","3,225.25","6.38M","6.80%"
"30-05-2024","3,194.25","3,254.00","3,274.30","3,174.50","1.99M","-1.98%"
"29-05-2024","3,258.80","3,250.00","3,322.90","3,212.00","1.91M","0.45%"
"28-05-2024","3,244.05","3,309.65","3,329.50","3,229.05","1.62M","-1.37%"
"27-05-2024","3,289.05","3,358.00","3,358.00","3,267.05","2.58M","-2.83%"
"24-05-2024","3,384.95","3,406.00","3,457.85","3,355.60","3.47M","-0.07%"
"23-05-2024","3,387.30","3,156.70","3,406.00","3,135.55","6.98M","7.84%"
"22-05-2024","3,140.95","3,129.95","3,145.00","3,073.50","3.37M","0.75%"
"21-05-2024","3,117.50","3,067.90","3,175.00","3,034.50","3.09M","1.89%"
"18-05-2024","3,059.75","3,074.00","3,074.00","3,055.00","74.34K","-0.02%"
"17-05-2024","3,060.50","3,041.05","3,091.00","3,015.50","825.44K","0.62%"
"16-05-2024","3,041.65","3,065.00","3,076.95","2,974.95","1.84M","-0.27%"
"15-05-2024","3,049.75","3,046.75","3,118.85","3,037.60","1.69M","0.40%"
"14-05-2024","3,037.55","2,894.95","3,046.00","2,874.55","5.73M","5.49%"
"13-05-2024","2,879.60","2,803.00","2,890.00","2,790.50","3.78M","2.94%"
"10-05-2024","2,797.25","2,794.95","2,809.00","2,760.45","2.35M","1.11%"
"09-05-2024","2,766.65","2,864.80","2,883.65","2,756.00","1.49M","-3.28%"
"08-05-2024","2,860.55","2,850.00","2,890.90","2,820.00","951.41K","0.87%"
"07-05-2024","2,835.95","2,889.95","2,905.35","2,822.00","1.26M","-1.35%"
"06-05-2024","2,874.65","2,993.25","3,000.20","2,850.00","2.38M","-3.96%"
"03-05-2024","2,993.25","3,030.00","3,045.00","2,975.10","1.47M","-1.52%"
"02-05-2024","3,039.60","3,071.95","3,119.85","3,015.05","2.22M","-0.49%"
"30-04-2024","3,054.70","3,094.00","3,108.45","3,045.00","804.55K","-0.86%"
"29-04-2024","3,081.20","3,110.00","3,110.50","3,051.50","648.54K","0.03%"
"26-04-2024","3,080.40","3,119.90","3,129.90","3,066.05","662.76K","-1.12%"
"25-04-2024","3,115.25","3,050.00","3,120.90","3,025.65","1.52M","2.36%"
"24-04-2024","3,043.55","3,071.95","3,087.85","3,040.00","605.92K","-0.70%"
"23-04-2024","3,065.10","3,059.00","3,091.00","3,043.10","1.65M","0.06%"
"22-04-2024","3,063.35","3,053.00","3,077.50","3,025.00","993.93K","1.20%"
"19-04-2024","3,026.95","3,000.00","3,057.05","2,962.50","1.73M","0.25%"
"18-04-2024","3,019.30","3,125.15","3,145.00","3,008.30","1.70M","-2.80%"
"16-04-2024","3,106.40","3,101.00","3,149.20","3,100.00","1.13M","-1.30%"
"15-04-2024","3,147.45","3,150.00","3,180.30","3,103.20","1.04M","-1.95%"
"12-04-2024","3,209.90","3,210.00","3,247.50","3,205.30","705.17K","-0.99%"
"10-04-2024","3,242.00","3,200.00","3,254.60","3,192.50","1.44M","1.36%"
"09-04-2024","3,198.45","3,240.70","3,251.00","3,185.00","833.68K","-0.81%"
"08-04-2024","3,224.55","3,240.95","3,243.50","3,197.20","577.44K","-0.01%"
"05-04-2024","3,224.80","3,211.10","3,234.00","3,178.95","755.61K","0.44%"
"04-04-2024","3,210.80","3,250.00","3,273.00","3,201.70","1.40M","-0.70%"
"03-04-2024","3,233.45","3,250.00","3,260.15","3,222.00","1.15M","-1.08%"
"02-04-2024","3,268.75","3,258.95","3,285.00","3,240.00","868.83K","0.51%"
"01-04-2024","3,252.10","3,230.20","3,291.80","3,207.85","1.29M","1.72%"
"28-03-2024","3,197.10","3,134.00","3,237.00","3,096.75","2.33M","2.40%"
"27-03-2024","3,122.10","3,115.00","3,138.45","3,106.25","900.23K","0.39%"
"26-03-2024","3,109.95","3,100.50","3,171.95","3,089.10","937.10K","0.07%"
"22-03-2024","3,107.70","3,066.55","3,128.95","3,048.05","951.56K","1.34%"
"21-03-2024","3,066.50","3,089.55","3,107.10","3,059.60","1.18M","0.49%"
"20-03-2024","3,051.45","3,075.00","3,083.20","3,021.10","966.48K","-0.04%"
"19-03-2024","3,052.70","3,126.00","3,164.80","3,041.85","1.46M","-1.90%"
"18-03-2024","3,111.75","3,050.10","3,124.00","2,976.05","3.04M","-0.65%"
"15-03-2024","3,132.20","3,111.00","3,143.40","3,061.25","2.20M","1.45%"
"14-03-2024","3,087.45","2,927.45","3,101.20","2,880.00","3.76M","6.24%"
"13-03-2024","2,906.20","3,125.00","3,138.05","2,850.15","3.41M","-6.93%"
"12-03-2024","3,122.50","3,207.35","3,222.70","3,111.00","1.20M","-2.65%"
"11-03-2024","3,207.35","3,241.20","3,259.00","3,200.00","738.85K","-0.60%"
"07-03-2024","3,226.55","3,240.00","3,262.00","3,220.00","856.33K","-0.23%"
"06-03-2024","3,233.95","3,323.00","3,323.00","3,183.15","1.94M","-2.30%"
"05-03-2024","3,310.20","3,325.30","3,334.00","3,295.05","1.19M","-0.21%"
"04-03-2024","3,317.15","3,335.00","3,350.00","3,310.05","1.06M","-0.46%"
"02-03-2024","3,332.50","3,331.55","3,348.45","3,321.65","119.41K","0.41%"
"01-03-2024","3,318.75","3,309.85","3,346.00","3,281.80","1.16M","1.02%"
"29-02-2024","3,285.40","3,220.05","3,304.75","3,205.35","1.35M","2.06%"
"28-02-2024","3,219.00","3,309.20","3,318.80","3,207.50","1.36M","-2.52%"
"27-02-2024","3,302.30","3,339.00","3,340.00","3,273.00","1.13M","-0.76%"
"26-02-2024","3,327.75","3,272.00","3,344.00","3,263.00","1.70M","1.66%"
"23-02-2024","3,273.30","3,263.05","3,319.95","3,225.10","1.98M","0.31%"
"22-02-2024","3,263.05","3,239.00","3,274.00","3,210.50","1.14M","1.24%"
"21-02-2024","3,223.20","3,238.00","3,300.00","3,205.00","1.66M","-0.17%"
"20-02-2024","3,228.60","3,267.00","3,269.80","3,210.15","1.47M","-0.93%"
"19-02-2024","3,258.80","3,240.00","3,308.60","3,235.80","1.78M","1.09%"
"16-02-2024","3,223.60","3,214.00","3,252.30","3,192.65","2.19M","0.93%"
"15-02-2024","3,193.80","3,219.85","3,252.75","3,184.05","2.04M","-0.42%"
"14-02-2024","3,207.20","3,184.00","3,255.25","3,169.85","1.74M","0.90%"
"13-02-2024","3,178.45","3,180.00","3,194.00","3,092.05","1.23M","0.27%"
"12-02-2024","3,169.75","3,229.00","3,241.95","3,160.00","1.08M","-1.41%"
"09-02-2024","3,215.20","3,184.45","3,224.95","3,121.20","1.57M","1.47%"
"08-02-2024","3,168.60","3,245.60","3,245.60","3,146.10","1.68M","-1.90%"
"07-02-2024","3,229.85","3,220.05","3,277.95","3,210.00","2.10M","0.81%"
"06-02-2024","3,203.75","3,183.90","3,228.20","3,160.00","2.08M","0.95%"
"05-02-2024","3,173.45","3,170.00","3,229.40","3,151.45","2.19M","0.51%"
"02-02-2024","3,157.45","3,184.95","3,208.50","3,140.00","2.71M","0.13%"
"01-02-2024","3,153.50","3,156.90","3,236.95","3,083.05","4.69M","0.37%"
"31-01-2024","3,142.00","3,092.75","3,151.70","3,072.40","2.67M","1.65%"
"30-01-2024","3,091.10","3,081.00","3,129.90","3,020.90","3.12M","0.86%"
"29-01-2024","3,064.65","2,929.00","3,092.70","2,923.05","4.40M","5.91%"
"25-01-2024","2,893.60","2,903.45","2,926.35","2,804.40","2.60M","-0.34%"
"24-01-2024","2,903.45","2,901.00","2,929.10","2,871.25","5.81M","0.24%"
"23-01-2024","2,896.55","3,014.95","3,014.95","2,885.50","1.83M","-3.06%"
"20-01-2024","2,987.90","2,930.00","3,015.85","2,890.50","1.88M","2.48%"
"19-01-2024","2,915.65","2,945.35","2,949.45","2,903.05","2.01M","-0.11%"
"18-01-2024","2,918.90","2,975.55","2,985.00","2,885.10","2.55M","-1.76%"
"17-01-2024","2,971.05","3,033.00","3,045.00","2,946.30","2.90M","-2.80%"
"16-01-2024","3,056.50","3,095.00","3,104.50","3,035.00","2.52M","-1.07%"
"15-01-2024","3,089.50","3,127.00","3,130.00","3,067.45","1.41M","-0.47%"
"12-01-2024","3,104.10","3,096.35","3,125.00","3,068.20","1.80M","0.75%"
"11-01-2024","3,080.90","3,120.00","3,129.00","3,065.00","2.01M","-0.56%"
"10-01-2024","3,098.20","3,024.00","3,112.00","3,020.05","3.59M","2.77%"
"09-01-2024","3,014.60","2,990.70","3,068.80","2,980.00","2.89M","1.72%"
"08-01-2024","2,963.50","3,020.00","3,027.00","2,952.95","1.85M","-1.43%"
"05-01-2024","3,006.60","3,009.95","3,066.90","2,981.10","3.22M","0.28%"
"04-01-2024","2,998.30","3,039.40","3,044.45","2,990.00","2.98M","-0.16%"
"03-01-2024","3,003.00","3,047.00","3,199.00","2,955.60","19.73M","2.41%"
"02-01-2024","2,932.40","2,922.00","2,948.20","2,841.00","2.67M","0.52%"
"01-01-2024","2,917.20","2,852.30","2,947.00","2,842.05","2.90M","2.40%"
"29-12-2023","2,848.95","2,823.90","2,863.30","2,802.85","1.51M","1.39%"
"28-12-2023","2,809.90","2,855.00","2,867.35","2,800.10","4.10M","-1.18%"
"27-12-2023","2,843.35","2,880.70","2,894.80","2,833.60","1.70M","-0.77%"
"26-12-2023","2,865.45","2,817.00","2,893.75","2,800.10","2.05M","2.03%"
"22-12-2023","2,808.35","2,815.95","2,847.60","2,791.40","1.51M","0.31%"
"21-12-2023","2,799.75","2,750.00","2,821.95","2,725.00","2.68M","0.57%"
"20-12-2023","2,783.85","2,946.00","2,968.00","2,766.20","3.42M","-5.35%"
"19-12-2023","2,941.25","2,988.80","2,994.35","2,915.00","1.74M","-1.32%"
"18-12-2023","2,980.60","2,993.95","3,027.75","2,961.10","2.32M","-0.37%"
"15-12-2023","2,991.80","2,912.05","3,000.00","2,893.90","4.92M","3.38%"
"14-12-2023","2,894.05","2,900.95","2,932.95","2,887.00","3.22M","0.66%"
"13-12-2023","2,875.05","2,860.00","2,899.10","2,805.00","2.81M","0.61%"
"12-12-2023","2,857.65","2,869.10","2,895.95","2,840.55","2.02M","0.06%"
"11-12-2023","2,855.80","2,837.05","2,919.90","2,811.05","5.06M","1.19%"
"08-12-2023","2,822.15","2,902.70","2,927.00","2,760.00","6.96M","-2.25%"
"07-12-2023","2,887.15","2,900.00","2,945.90","2,853.05","6.33M","0.11%"
"06-12-2023","2,883.95","3,080.00","3,154.55","2,844.85","19.36M","-2.55%"
"05-12-2023","2,959.35","2,531.20","2,999.90","2,531.20","22.88M","16.91%"
"04-12-2023","2,531.20","2,549.95","2,595.00","2,487.45","5.68M","7.13%"
"01-12-2023","2,362.70","2,370.00","2,403.35","2,354.10","1.79M","0.18%"
"30-11-2023","2,358.55","2,400.05","2,409.00","2,343.05","2.98M","-1.59%"
"29-11-2023","2,396.60","2,468.70","2,477.65","2,390.00","4.56M","-1.11%"
"28-11-2023","2,423.50","2,301.00","2,512.40","2,275.00","11.97M","8.90%"
"24-11-2023","2,225.45","2,179.00","2,251.95","2,160.90","1.95M","2.31%"
"23-11-2023","2,175.25","2,190.00","2,190.00","2,160.60","729.11K","0.12%"
"22-11-2023","2,172.65","2,205.15","2,225.00","2,153.50","1.25M","-1.09%"
"21-11-2023","2,196.65","2,160.00","2,232.55","2,158.35","1.84M","2.18%"
"20-11-2023","2,149.85","2,211.00","2,218.50","2,142.00","1.58M","-2.67%"
"17-11-2023","2,208.80","2,205.90","2,237.95","2,201.00","916.52K","0.13%"
"16-11-2023","2,205.90","2,226.00","2,232.80","2,196.10","1.31M","-0.88%"
"15-11-2023","2,225.40","2,240.00","2,250.00","2,220.50","696.48K","0.53%"
"13-11-2023","2,213.65","2,215.50","2,241.90","2,195.55","853.63K","0.10%"
"12-11-2023","2,211.35","2,219.70","2,225.75","2,205.50","148.06K","0.28%"
"10-11-2023","2,205.10","2,220.25","2,237.00","2,198.50","1.07M","-0.43%"
"09-11-2023","2,214.65","2,269.00","2,272.60","2,210.10","1.27M","-2.00%"
"08-11-2023","2,259.95","2,245.30","2,298.00","2,235.00","1.17M","1.19%"
"07-11-2023","2,233.35","2,257.00","2,260.00","2,226.65","641.55K","-0.56%"
"06-11-2023","2,246.00","2,253.95","2,260.00","2,233.00","770.06K","0.72%"
"03-11-2023","2,229.85","2,215.30","2,279.00","2,215.00","1.85M","0.66%"
"02-11-2023","2,215.30","2,247.00","2,297.95","2,204.20","2.34M","-0.09%"
"01-11-2023","2,217.30","2,299.00","2,312.25","2,207.00","1.67M","-3.37%"
"31-10-2023","2,294.65","2,320.00","2,320.00","2,276.00","1.16M","-0.19%"
"30-10-2023","2,299.10","2,260.05","2,305.00","2,250.00","996.45K","1.65%"
"27-10-2023","2,261.70","2,222.00","2,275.00","2,212.00","1.24M","2.66%"
"26-10-2023","2,203.20","2,249.00","2,249.00","2,167.05","2.23M","-2.38%"
"25-10-2023","2,257.00","2,320.00","2,348.05","2,235.30","1.54M","-2.24%"
"23-10-2023","2,308.65","2,397.80","2,412.35","2,301.80","1.48M","-3.56%"
"20-10-2023","2,393.75","2,398.05","2,443.95","2,382.05","1.24M","-0.35%"
"19-10-2023","2,402.20","2,400.00","2,414.70","2,382.55","1.17M","-0.17%"
"18-10-2023","2,406.35","2,440.00","2,441.75","2,401.05","776.98K","-0.91%"
"17-10-2023","2,428.40","2,459.95","2,462.00","2,423.50","707.54K","-0.04%"
"16-10-2023","2,429.35","2,454.55","2,464.70","2,421.85","803.86K","-1.03%"
"13-10-2023","2,454.55","2,488.90","2,495.00","2,422.35","2.28M","-2.07%"
"12-10-2023","2,506.35","2,499.90","2,521.75","2,490.65","1.80M","0.71%"
"11-10-2023","2,488.60","2,533.90","2,538.00","2,482.50","1.63M","-0.39%"
"10-10-2023","2,498.30","2,443.00","2,517.95","2,443.00","1.77M","2.28%"
"09-10-2023","2,442.60","2,440.00","2,459.70","2,411.30","1.41M","-1.43%"
"06-10-2023","2,478.10","2,466.35","2,514.95","2,466.05","1.51M","0.48%"
"05-10-2023","2,466.35","2,477.95","2,486.50","2,446.40","1.13M","0.06%"
"04-10-2023","2,464.95","2,402.20","2,502.75","2,392.25","2.86M","3.25%"
"03-10-2023","2,387.25","2,418.00","2,424.90","2,372.00","2.02M","-1.10%"
"29-09-2023","2,413.90","2,462.05","2,479.55","2,405.05","1.69M","-2.48%"
"28-09-2023","2,475.25","2,489.95","2,511.00","2,446.70","2.23M","-0.32%"
"27-09-2023","2,483.30","2,460.00","2,498.00","2,445.10","1.08M","1.03%"
"26-09-2023","2,457.95","2,491.00","2,499.00","2,452.60","698.86K","-0.97%"
"25-09-2023","2,482.10","2,479.95","2,489.00","2,424.00","1.22M","0.70%"
"22-09-2023","2,464.90","2,489.95","2,498.00","2,460.00","865.59K","-0.58%"
"21-09-2023","2,479.25","2,479.80","2,503.80","2,461.00","1.28M","0.36%"
"20-09-2023","2,470.30","2,502.40","2,533.65","2,458.90","1.20M","-1.28%"
"18-09-2023","2,502.45","2,552.00","2,555.00","2,491.00","861.68K","-1.48%"
"15-09-2023","2,540.05","2,519.80","2,558.00","2,514.20","1.55M","0.80%"
"14-09-2023","2,519.80","2,541.85","2,545.00","2,506.05","1.22M","0.04%"
"13-09-2023","2,518.90","2,545.70","2,566.95","2,496.00","1.78M","-0.66%"
"12-09-2023","2,535.70","2,622.45","2,626.60","2,530.00","5.66M","-3.03%"
"11-09-2023","2,614.95","2,565.00","2,630.25","2,546.00","9.15M","3.80%"
"08-09-2023","2,519.30","2,513.80","2,538.60","2,506.10","5.64M","0.39%"
"07-09-2023","2,509.50","2,498.00","2,520.00","2,485.00","4.30M","0.52%"
"06-09-2023","2,496.50","2,494.05","2,504.00","2,471.00","7.42M","0.10%"
"05-09-2023","2,494.05","2,482.00","2,501.40","2,464.00","6.49M","0.95%"
"04-09-2023","2,470.60","2,454.00","2,480.00","2,450.05","6.00M","0.84%"
"01-09-2023","2,450.05","2,381.00","2,465.55","2,380.00","6.76M","1.27%"
"31-08-2023","2,419.25","2,449.95","2,489.95","2,383.75","6.23M","-3.73%"
"30-08-2023","2,513.10","2,517.00","2,543.00","2,492.40","6.48M","0.27%"
"29-08-2023","2,506.45","2,472.10","2,536.65","2,445.00","4.80M","1.38%"
"28-08-2023","2,472.45","2,550.00","2,582.00","2,455.65","4.46M","-0.93%"
"25-08-2023","2,495.75","2,549.00","2,549.00","2,486.00","2.81M","-1.72%"
"24-08-2023","2,539.55","2,580.00","2,613.00","2,531.10","4.56M","0.37%"
"23-08-2023","2,530.30","2,720.00","2,722.40","2,488.85","5.25M","-6.22%"
"22-08-2023","2,698.05","2,668.85","2,721.00","2,654.10","10.29M","2.21%"
"21-08-2023","2,639.75","2,588.00","2,655.00","2,580.50","10.48M","2.42%"
"18-08-2023","2,577.40","2,477.50","2,665.95","2,461.30","14.68M","3.94%"
"17-08-2023","2,479.70","2,454.95","2,487.20","2,442.05","7.77M","1.42%"
"16-08-2023","2,445.10","2,450.00","2,465.00","2,420.00","7.08M","-0.44%"
"14-08-2023","2,456.00","2,480.00","2,484.95","2,400.05","9.79M","-3.29%"
"11-08-2023","2,539.50","2,550.05","2,568.15","2,518.20","7.16M","-0.51%"
"10-08-2023","2,552.40","2,510.00","2,577.50","2,510.00","8.14M","1.81%"
"09-08-2023","2,507.10","2,488.35","2,516.90","2,472.00","5.78M","1.32%"
"08-08-2023","2,474.55","2,563.25","2,563.25","2,461.30","6.13M","-2.98%"
"07-08-2023","2,550.50","2,550.95","2,569.00","2,516.40","4.68M","0.34%"
"04-08-2023","2,541.80","2,545.30","2,557.90","2,502.00","3.29M","0.36%"
"03-08-2023","2,532.60","2,469.90","2,550.00","2,462.00","4.72M","2.39%"
"02-08-2023","2,473.55","2,493.00","2,514.00","2,451.00","2.51M","-0.30%"
"01-08-2023","2,481.10","2,504.85","2,514.00","2,455.25","1.58M","-0.45%"
"31-07-2023","2,492.20","2,477.00","2,518.00","2,467.00","3.36M","1.18%"
"28-07-2023","2,463.20","2,437.00","2,481.65","2,431.10","2.34M","1.43%"
"27-07-2023","2,428.40","2,470.75","2,485.00","2,415.00","2.24M","-1.71%"
"26-07-2023","2,470.75","2,472.45","2,506.00","2,446.00","4.02M","0.17%"
"25-07-2023","2,466.65","2,428.00","2,479.00","2,416.00","3.02M","2.00%"
"24-07-2023","2,418.20","2,430.00","2,439.40","2,412.05","1.11M","0.08%"
"21-07-2023","2,416.30","2,410.00","2,457.85","2,395.30","2.28M","-0.14%"
"20-07-2023","2,419.75","2,428.95","2,433.90","2,400.00","1.56M","-0.17%"
"19-07-2023","2,423.75","2,428.65","2,443.00","2,416.90","1.64M","0.28%"
"18-07-2023","2,416.90","2,415.00","2,510.00","2,405.20","5.98M","0.35%"
"17-07-2023","2,408.55","2,399.90","2,459.50","2,391.30","3.09M","1.37%"
"14-07-2023","2,376.10","2,375.00","2,385.00","2,340.00","1.35M","0.59%"
"13-07-2023","2,362.05","2,397.00","2,405.70","2,355.55","1.25M","-1.08%"
"12-07-2023","2,387.90","2,429.90","2,432.00","2,380.45","1.45M","-1.44%"
"11-07-2023","2,422.90","2,423.75","2,444.95","2,388.00","2.25M","0.52%"
"10-07-2023","2,410.25","2,392.80","2,462.70","2,355.00","3.77M","1.29%"
"07-07-2023","2,379.60","2,395.00","2,409.95","2,368.10","1.82M","-0.97%"
"06-07-2023","2,402.90","2,399.15","2,427.60","2,390.00","2.48M","0.16%"
"05-07-2023","2,399.15","2,391.00","2,412.05","2,374.00","2.20M","0.48%"
"04-07-2023","2,387.70","2,397.00","2,414.00","2,373.05","2.31M","0.09%"
"03-07-2023","2,385.50","2,405.00","2,417.85","2,373.20","2.66M","-0.11%"
"30-06-2023","2,388.05","2,437.95","2,437.95","2,350.00","5.13M","-0.58%"
"28-06-2023","2,402.00","2,300.00","2,418.60","2,293.85","28.35M","5.15%"
"27-06-2023","2,284.45","2,328.95","2,343.85","2,271.00","3.36M","-0.49%"
"26-06-2023","2,295.60","2,210.05","2,336.45","2,173.05","7.85M","2.78%"
"23-06-2023","2,233.55","2,392.30","2,392.30","2,163.30","15.21M","-6.83%"
"22-06-2023","2,397.25","2,425.10","2,449.95","2,360.00","8.46M","-0.36%"
"21-06-2023","2,405.95","2,426.70","2,440.00","2,393.10","7.42M","-0.37%"
"20-06-2023","2,414.80","2,435.00","2,435.00","2,390.00","2.48M","0.56%"
"19-06-2023","2,401.40","2,504.00","2,521.60","2,350.00","11.48M","-4.31%"
"16-06-2023","2,509.60","2,499.20","2,526.90","2,487.40","8.00M","0.96%"
"15-06-2023","2,485.65","2,469.00","2,527.00","2,462.90","3.74M","1.16%"
"14-06-2023","2,457.15","2,469.90","2,484.80","2,452.35","1.36M","-0.22%"
"13-06-2023","2,462.55","2,499.00","2,505.00","2,442.20","2.21M","-0.90%"
"12-06-2023","2,484.80","2,460.00","2,505.00","2,432.60","2.80M","1.37%"
"09-06-2023","2,451.15","2,447.95","2,458.90","2,428.00","1.95M","0.91%"
"08-06-2023","2,429.15","2,450.00","2,475.90","2,369.05","3.78M","-0.43%"
"07-06-2023","2,439.55","2,453.00","2,466.95","2,435.00","2.52M","0.24%"
"06-06-2023","2,433.65","2,475.00","2,506.95","2,425.90","6.47M","-0.01%"
"05-06-2023","2,433.95","2,463.20","2,514.00","2,428.00","2.96M","-0.45%"
"02-06-2023","2,445.05","2,535.00","2,538.90","2,425.00","5.54M","-1.89%"
"01-06-2023","2,492.15","2,499.90","2,560.00","2,485.30","1.70M","-0.05%"
"31-05-2023","2,493.35","2,482.00","2,573.00","2,428.00","4.27M","-0.12%"
"30-05-2023","2,496.45","2,529.30","2,554.15","2,475.15","1.74M","-1.48%"
"29-05-2023","2,534.05","2,570.00","2,583.50","2,523.00","2.78M","-0.40%"
"26-05-2023","2,544.35","2,565.00","2,599.95","2,535.15","3.96M","0.27%"
"25-05-2023","2,537.45","2,440.00","2,558.80","2,386.65","8.43M","2.50%"
"24-05-2023","2,475.60","2,709.00","2,750.00","2,425.35","23.47M","-6.00%"
"23-05-2023","2,633.70","2,410.90","2,759.45","2,400.00","28.43M","13.22%"
"22-05-2023","2,326.10","2,010.00","2,347.00","1,983.40","26.31M","18.92%"
"19-05-2023","1,956.05","1,888.00","1,983.00","1,872.10","7.54M","3.49%"
"18-05-2023","1,890.00","1,910.05","1,924.00","1,877.20","2.44M","-0.50%"
"17-05-2023","1,899.50","1,900.00","1,919.95","1,857.75","3.63M","0.55%"
"16-05-2023","1,889.15","1,927.00","1,935.00","1,881.00","3.06M","-1.40%"
"15-05-2023","1,916.05","1,959.90","1,964.70","1,880.00","4.84M","-2.48%"
"12-05-2023","1,964.70","2,009.00","2,010.00","1,946.55","3.82M","-1.01%"
"11-05-2023","1,984.65","1,925.00","2,013.75","1,910.00","8.84M","4.89%"
"10-05-2023","1,892.15","1,899.00","1,914.90","1,883.95","1.97M","-0.21%"
"09-05-2023","1,896.10","1,900.00","1,930.00","1,889.10","2.70M","0.46%"
"08-05-2023","1,887.50","1,920.30","1,926.90","1,876.00","2.84M","-1.71%"
"05-05-2023","1,920.30","1,954.80","1,955.00","1,903.15","6.14M","0.47%"
"04-05-2023","1,911.25","1,839.05","1,935.00","1,839.05","4.84M","3.93%"
"03-05-2023","1,839.00","1,919.00","1,940.00","1,785.35","5.85M","-4.21%"
"02-05-2023","1,919.85","1,935.00","1,966.00","1,908.00","3.81M","-0.26%"
"28-04-2023","1,924.95","1,868.05","1,944.00","1,857.15","6.16M","3.88%"
"27-04-2023","1,853.05","1,848.00","1,864.95","1,832.55","1.78M","0.28%"
"26-04-2023","1,847.90","1,854.00","1,874.00","1,826.40","2.42M","0.18%"
"25-04-2023","1,844.60","1,806.00","1,913.75","1,801.80","5.36M","2.37%"
"24-04-2023","1,801.95","1,804.00","1,817.40","1,775.80","1.96M","-0.06%"
"21-04-2023","1,803.00","1,846.00","1,853.25","1,796.05","2.09M","-2.17%"
"20-04-2023","1,842.90","1,855.00","1,878.90","1,836.85","2.02M","-0.59%"
"19-04-2023","1,853.85","1,847.00","1,877.70","1,835.00","2.46M","0.16%"
"18-04-2023","1,850.95","1,892.00","1,902.75","1,830.00","2.54M","-1.48%"
"17-04-2023","1,878.75","1,870.75","1,904.90","1,847.00","2.98M","0.43%"
"13-04-2023","1,870.75","1,855.00","1,885.00","1,826.05","3.40M","1.27%"
"12-04-2023","1,847.25","1,814.00","1,858.75","1,797.05","4.81M","2.45%"
"11-04-2023","1,803.15","1,810.00","1,829.00","1,792.85","2.88M","0.33%"
"10-04-2023","1,797.25","1,774.00","1,812.70","1,760.60","4.20M","2.46%"
"06-04-2023","1,754.05","1,705.00","1,793.65","1,688.15","6.01M","3.30%"
"05-04-2023","1,698.00","1,717.45","1,737.95","1,671.55","3.69M","-1.13%"
"03-04-2023","1,717.45","1,750.45","1,754.95","1,695.50","3.45M","-1.89%"
"31-03-2023","1,750.45","1,788.00","1,825.00","1,740.00","4.89M","0.58%"
"29-03-2023","1,740.40","1,602.95","1,756.00","1,591.10","9.33M","8.72%"
"28-03-2023","1,600.85","1,727.95","1,733.00","1,573.00","8.14M","-7.09%"
"27-03-2023","1,723.05","1,740.65","1,757.40","1,682.00","5.05M","-1.01%"
"24-03-2023","1,740.65","1,796.00","1,823.00","1,695.25","6.19M","-2.97%"
"23-03-2023","1,794.00","1,794.00","1,834.00","1,780.00","4.11M","-1.18%"
"22-03-2023","1,815.40","1,834.00","1,850.00","1,806.15","3.25M","-0.49%"
"21-03-2023","1,824.25","1,836.95","1,861.00","1,804.95","4.09M","1.07%"
"20-03-2023","1,804.95","1,837.00","1,849.95","1,777.40","5.17M","-3.82%"
"17-03-2023","1,876.55","1,901.00","1,918.85","1,845.00","5.97M","1.78%"
"16-03-2023","1,843.80","1,861.00","1,875.00","1,795.00","6.51M","0.26%"
"15-03-2023","1,839.00","1,760.90","1,891.45","1,728.10","12.30M","5.80%"
"14-03-2023","1,738.20","1,874.00","1,874.85","1,651.35","12.68M","-7.27%"
"13-03-2023","1,874.40","1,917.00","1,985.00","1,857.40","7.57M","-1.15%"
"10-03-2023","1,896.20","1,870.00","1,940.00","1,820.60","9.42M","-2.92%"
"09-03-2023","1,953.15","2,049.80","2,068.85","1,905.35","12.63M","-4.24%"
"08-03-2023","2,039.65","2,040.00","2,088.00","1,941.00","13.57M","2.86%"
"06-03-2023","1,982.90","1,966.70","2,135.00","1,855.00","27.18M","5.50%"
"03-03-2023","1,879.50","1,688.85","1,905.95","1,685.50","22.89M","16.94%"
"02-03-2023","1,607.25","1,499.90","1,646.00","1,407.90","26.97M","2.75%"
"01-03-2023","1,564.30","1,424.00","1,580.00","1,411.00","20.11M","14.70%"
"28-02-2023","1,363.85","1,145.00","1,398.00","1,103.75","33.95M","14.27%"
"27-02-2023","1,193.50","1,300.00","1,313.80","1,131.05","10.27M","-9.28%"
"24-02-2023","1,315.65","1,410.00","1,427.00","1,261.60","8.74M","-4.85%"
"23-02-2023","1,382.65","1,380.00","1,438.00","1,350.00","8.91M","-1.58%"
"22-02-2023","1,404.85","1,535.00","1,560.00","1,381.20","10.61M","-10.58%"
"21-02-2023","1,571.10","1,626.00","1,644.45","1,561.30","5.57M","-3.11%"
"20-02-2023","1,621.45","1,650.00","1,685.00","1,560.50","6.76M","-5.88%"
"17-02-2023","1,722.70","1,800.00","1,815.85","1,703.20","5.39M","-4.11%"
"16-02-2023","1,796.60","1,820.00","1,874.95","1,790.00","5.58M","0.98%"
"15-02-2023","1,779.10","1,780.00","1,824.40","1,750.00","7.64M","1.68%"
"14-02-2023","1,749.70","1,735.00","1,889.00","1,611.35","14.58M","1.87%"
"13-02-2023","1,717.65","1,850.00","1,921.70","1,662.25","12.21M","-7.00%"
"10-02-2023","1,846.95","1,769.00","1,990.00","1,733.15","11.33M","-4.09%"
"09-02-2023","1,925.70","2,168.00","2,168.00","1,731.40","18.28M","-11.02%"
"08-02-2023","2,164.25","1,869.85","2,222.15","1,840.85","19.17M","20.04%"
"07-02-2023","1,802.95","1,571.00","1,962.70","1,525.60","19.19M","14.64%"
"06-02-2023","1,572.70","1,575.00","1,615.00","1,435.20","19.31M","-0.89%"
"03-02-2023","1,586.80","1,490.00","1,679.90","1,017.45","43.89M","1.38%"
"02-02-2023","1,565.25","2,348.85","2,348.85","1,494.75","34.47M","-26.70%"
"01-02-2023","2,135.35","2,995.00","3,010.75","1,941.20","13.53M","-28.20%"
"31-01-2023","2,973.90","2,980.00","3,073.60","2,906.00","11.57M","2.80%"
"30-01-2023","2,892.85","2,850.00","3,037.55","2,665.00","20.95M","4.76%"
"27-01-2023","2,761.45","3,335.00","3,346.50","2,712.00","14.76M","-18.52%"
"25-01-2023","3,388.95","3,422.00","3,428.00","3,315.00","3.69M","-1.54%"
"24-01-2023","3,442.00","3,447.45","3,508.00","3,430.00","1.52M","0.16%"
"23-01-2023","3,436.35","3,443.05","3,460.00","3,412.55","974.86K","-0.57%"
"20-01-2023","3,456.15","3,450.00","3,477.35","3,440.95","1.51M","-0.21%"
"19-01-2023","3,463.55","3,470.00","3,537.70","3,426.70","3.70M","-3.70%"
"18-01-2023","3,596.70","3,648.00","3,648.00","3,527.10","3.65M","-1.17%"
"17-01-2023","3,639.35","3,620.00","3,649.60","3,560.20","1.67M","0.54%"
"16-01-2023","3,619.80","3,720.00","3,739.95","3,600.00","1.86M","-2.72%"
"13-01-2023","3,721.15","3,651.20","3,736.05","3,642.20","1.36M","2.03%"
"12-01-2023","3,647.20","3,642.50","3,679.00","3,612.00","1.20M","0.31%"
"11-01-2023","3,635.80","3,660.00","3,664.50","3,560.10","2.23M","-0.30%"
"10-01-2023","3,646.90","3,859.00","3,862.05","3,555.00","3.60M","-5.41%"
"09-01-2023","3,855.30","3,843.00","3,880.00","3,811.25","753.98K","0.81%"
"06-01-2023","3,824.25","3,829.00","3,868.25","3,797.05","912.16K","-0.14%"
"05-01-2023","3,829.80","3,827.05","3,842.40","3,756.90","997.01K","0.07%"
"04-01-2023","3,827.05","3,839.00","3,874.95","3,803.60","1.03M","-0.10%"
"03-01-2023","3,830.95","3,841.90","3,852.85","3,791.00","799.91K","-0.27%"
"02-01-2023","3,841.20","3,870.00","3,874.00","3,822.55","923.05K","-0.44%"
"30-12-2022","3,858.35","3,829.70","3,898.00","3,822.05","1.53M","1.25%"
"29-12-2022","3,810.60","3,790.00","3,825.00","3,748.10","1.53M","0.34%"
"28-12-2022","3,797.70","3,756.05","3,825.00","3,745.00","1.38M","0.74%"
"27-12-2022","3,769.65","3,732.45","3,797.90","3,695.05","1.80M","1.42%"
"26-12-2022","3,716.75","3,653.00","3,744.90","3,620.00","2.16M","2.05%"
"23-12-2022","3,642.20","3,822.00","3,848.00","3,616.80","3.04M","-5.85%"
"22-12-2022","3,868.55","3,948.00","3,948.00","3,817.05","2.88M","-0.86%"
"21-12-2022","3,901.95","4,175.00","4,190.00","3,883.25","3.59M","-6.32%"
"20-12-2022","4,165.30","4,095.00","4,172.00","4,066.40","3.78M","2.21%"
"19-12-2022","4,075.30","3,988.00","4,104.00","3,971.45","1.64M","2.37%"
"16-12-2022","3,980.80","4,018.90","4,047.90","3,944.05","1.60M","-1.56%"
"15-12-2022","4,043.75","4,055.80","4,073.05","4,025.00","866.14K","-0.30%"
"14-12-2022","4,055.80","4,076.00","4,092.05","4,040.00","1.11M","-0.11%"
"13-12-2022","4,060.20","4,027.80","4,072.00","4,011.60","1.22M","1.08%"
"12-12-2022","4,016.70","3,997.00","4,031.90","3,968.75","802.50K","0.50%"
"09-12-2022","3,996.80","4,044.00","4,094.00","3,941.50","2.13M","-0.70%"
"08-12-2022","4,025.00","4,010.00","4,045.00","4,003.35","895.08K","0.64%"
"07-12-2022","3,999.30","4,031.00","4,057.90","3,984.55","1.26M","-0.81%"
"06-12-2022","4,031.80","3,920.00","4,057.00","3,909.00","2.96M","2.58%"
"05-12-2022","3,930.40","3,928.90","3,939.00","3,810.05","2.39M","0.20%"
"02-12-2022","3,922.50","3,905.00","3,963.80","3,885.00","1.30M","0.19%"
"01-12-2022","3,915.10","3,937.50","3,944.95","3,902.45","945.84K","-0.07%"
"30-11-2022","3,917.90","3,897.80","3,939.90","3,867.00","1.97M","1.02%"
"29-11-2022","3,878.40","3,885.00","3,915.00","3,864.05","1.51M","-0.20%"
"28-11-2022","3,886.15","3,899.40","3,925.00","3,871.40","1.12M","-0.38%"
"25-11-2022","3,901.10","3,929.00","3,949.90","3,845.30","2.51M","-0.51%"
"24-11-2022","3,921.10","3,910.00","3,935.00","3,821.00","2.80M","0.46%"
"23-11-2022","3,903.30","4,050.00","4,061.85","3,873.00","2.86M","-3.24%"
"22-11-2022","4,034.00","4,001.85","4,056.00","3,988.00","1.71M","0.80%"
"21-11-2022","4,001.85","4,019.95","4,019.95","3,921.95","1.49M","-0.45%"
"18-11-2022","4,019.80","4,028.35","4,043.00","3,984.00","1.44M","0.04%"
"17-11-2022","4,018.15","3,970.00","4,033.00","3,900.00","2.27M","1.56%"
"16-11-2022","3,956.60","4,057.30","4,096.00","3,863.55","3.06M","-2.49%"
"15-11-2022","4,057.80","4,025.05","4,065.00","4,022.00","1.07M","0.88%"
"14-11-2022","4,022.55","3,999.00","4,078.00","3,990.00","1.80M","0.34%"
"11-11-2022","4,008.85","4,040.00","4,048.95","3,975.15","1.48M","0.42%"
"10-11-2022","3,992.25","3,995.00","4,030.00","3,962.15","2.31M","-0.12%"
"09-11-2022","3,997.20","3,977.00","4,048.00","3,943.05","3.73M","0.92%"
"07-11-2022","3,960.60","3,852.45","4,013.70","3,820.00","5.99M","3.32%"
"04-11-2022","3,833.25","3,642.00","3,849.80","3,566.75","6.11M","6.76%"
"03-11-2022","3,590.40","3,550.00","3,614.70","3,542.45","1.28M","0.27%"
"02-11-2022","3,580.70","3,580.00","3,625.15","3,526.00","2.53M","0.14%"
"01-11-2022","3,575.70","3,361.90","3,607.45","3,352.00","4.39M","6.82%"
"31-10-2022","3,347.45","3,339.95","3,360.00","3,326.10","575.72K","0.73%"
"28-10-2022","3,323.30","3,322.00","3,387.95","3,297.65","1.32M","-0.05%"
"27-10-2022","3,325.00","3,319.85","3,355.00","3,297.00","1.11M","0.74%"
"25-10-2022","3,300.50","3,321.95","3,345.00","3,294.00","879.42K","-0.28%"
"24-10-2022","3,309.80","3,325.00","3,340.10","3,287.40","248.25K","-0.06%"
"21-10-2022","3,311.90","3,374.90","3,382.00","3,287.00","1.12M","-1.35%"
"20-10-2022","3,357.10","3,260.00","3,365.00","3,245.00","2.21M","2.44%"
"19-10-2022","3,277.25","3,300.00","3,310.00","3,259.65","1.40M","-0.21%"
"18-10-2022","3,284.30","3,249.00","3,298.00","3,226.10","1.64M","2.23%"
"17-10-2022","3,212.60","3,211.00","3,235.00","3,136.10","1.99M","0.10%"
"14-10-2022","3,209.50","3,272.00","3,305.00","3,194.85","1.34M","-0.75%"
"13-10-2022","3,233.65","3,218.00","3,262.80","3,189.00","1.84M","0.31%"
"12-10-2022","3,223.65","3,297.00","3,297.00","3,145.00","2.97M","-1.54%"
"11-10-2022","3,273.95","3,257.55","3,338.00","3,249.00","2.54M","0.85%"
"10-10-2022","3,246.25","3,234.00","3,278.75","3,214.35","1.59M","-0.96%"
"07-10-2022","3,277.60","3,280.00","3,310.95","3,228.15","1.93M","-0.23%"
"06-10-2022","3,285.00","3,270.00","3,318.80","3,208.05","2.85M","1.46%"
"04-10-2022","3,237.70","3,230.00","3,291.20","3,125.00","5.64M","2.55%"
"03-10-2022","3,157.30","3,440.00","3,460.05","3,110.20","7.58M","-8.64%"
"30-09-2022","3,455.75","3,447.95","3,523.80","3,371.10","4.31M","-0.43%"
"29-09-2022","3,470.70","3,583.50","3,664.75","3,443.60","15.06M","-2.20%"
"28-09-2022","3,548.75","3,528.00","3,596.95","3,503.00","2.26M","-0.29%"
"27-09-2022","3,559.10","3,596.00","3,629.55","3,485.85","3.55M","-0.76%"
"26-09-2022","3,586.20","3,646.30","3,658.00","3,532.00","3.12M","-2.40%"
"23-09-2022","3,674.30","3,732.00","3,737.90","3,655.00","3.00M","-1.13%"
"22-09-2022","3,716.30","3,639.00","3,735.95","3,608.05","3.49M","2.09%"
"21-09-2022","3,640.10","3,837.65","3,862.80","3,571.25","6.09M","-5.07%"
"20-09-2022","3,834.55","3,819.00","3,885.00","3,812.00","3.34M","1.48%"
"19-09-2022","3,778.65","3,718.95","3,801.95","3,680.75","3.09M","2.06%"
"16-09-2022","3,702.20","3,755.00","3,866.95","3,614.60","5.69M","-1.24%"
"15-09-2022","3,748.70","3,590.00","3,767.95","3,575.00","4.72M","4.94%"
"14-09-2022","3,572.10","3,518.00","3,608.00","3,511.00","2.74M","0.46%"
"13-09-2022","3,555.80","3,478.00","3,568.90","3,421.30","3.48M","2.66%"
"12-09-2022","3,463.80","3,465.00","3,495.50","3,457.90","1.65M","0.37%"
"09-09-2022","3,451.20","3,479.00","3,507.95","3,415.15","1.61M","-0.33%"
"08-09-2022","3,462.80","3,499.00","3,501.50","3,450.00","1.56M","-0.32%"
"07-09-2022","3,473.75","3,435.80","3,487.95","3,406.10","2.19M","1.10%"
"06-09-2022","3,435.80","3,370.00","3,447.60","3,355.00","2.58M","2.67%"
"05-09-2022","3,346.55","3,374.10","3,431.80","3,313.00","3.69M","-0.28%"
"02-09-2022","3,355.80","3,261.00","3,369.40","3,225.00","4.84M","3.79%"
"01-09-2022","3,233.25","3,200.00","3,245.00","3,184.40","1.88M","1.22%"
"30-08-2022","3,194.35","3,165.00","3,263.10","3,161.00","4.39M","1.65%"
"29-08-2022","3,142.60","3,055.00","3,166.45","3,037.85","1.92M","0.10%"
"26-08-2022","3,139.55","3,080.00","3,172.95","3,078.00","2.90M","2.39%"
"25-08-2022","3,066.35","3,167.00","3,177.80","3,055.70","3.12M","-2.18%"
"24-08-2022","3,134.65","3,038.00","3,153.00","2,986.00","3.48M","3.43%"
"23-08-2022","3,030.65","3,032.65","3,074.00","2,927.40","4.17M","-0.69%"
"22-08-2022","3,051.60","3,134.00","3,191.80","3,029.20","3.47M","-2.51%"
"19-08-2022","3,130.20","3,178.00","3,258.90","3,075.25","6.11M","-0.74%"
"18-08-2022","3,153.65","3,005.00","3,186.00","3,004.00","3.50M","4.82%"
"17-08-2022","3,008.65","2,986.00","3,028.55","2,980.00","1.51M","1.10%"
"16-08-2022","2,975.85","2,879.00","2,986.00","2,871.00","1.97M","3.89%"
"12-08-2022","2,864.55","2,840.00","2,871.15","2,834.05","843.03K","1.08%"
"11-08-2022","2,834.05","2,841.00","2,848.40","2,815.10","978.62K","0.24%"
"10-08-2022","2,827.20","2,801.75","2,834.90","2,781.55","1.30M","1.26%"
"08-08-2022","2,791.90","2,700.00","2,807.65","2,695.65","1.58M","3.47%"
"05-08-2022","2,698.40","2,760.00","2,767.65","2,685.00","1.64M","-0.93%"
"04-08-2022","2,723.60","2,725.00","2,743.90","2,684.25","1.22M","0.45%"
"03-08-2022","2,711.40","2,685.00","2,717.00","2,671.20","815.83K","1.03%"
"02-08-2022","2,683.65","2,660.00","2,697.00","2,640.00","1.10M","0.88%"
"01-08-2022","2,660.15","2,575.85","2,669.40","2,569.20","1.27M","3.54%"
"29-07-2022","2,569.20","2,565.00","2,622.00","2,560.00","1.11M","0.74%"
"28-07-2022","2,550.40","2,559.90","2,565.65","2,531.60","759.44K","0.07%"
"27-07-2022","2,548.70","2,560.00","2,572.50","2,528.00","953.59K","-0.43%"
"26-07-2022","2,559.70","2,555.00","2,568.60","2,533.00","865.14K","0.36%"
"25-07-2022","2,550.60","2,505.00","2,562.15","2,500.00","1.22M","2.05%"
"22-07-2022","2,499.40","2,505.50","2,514.05","2,483.10","833.52K","0.16%"
"21-07-2022","2,495.50","2,453.80","2,498.95","2,451.25","1.31M","1.81%"
"20-07-2022","2,451.10","2,462.00","2,472.80","2,444.00","693.60K","-0.01%"
"19-07-2022","2,451.30","2,406.95","2,459.30","2,405.00","843.30K","1.14%"
"18-07-2022","2,423.60","2,424.00","2,441.85","2,406.05","937.20K","0.76%"
"15-07-2022","2,405.25","2,414.50","2,422.95","2,377.00","1.17M","0.93%"
"14-07-2022","2,383.10","2,365.00","2,404.00","2,336.50","933.55K","1.26%"
"13-07-2022","2,353.50","2,373.50","2,384.65","2,333.70","982.19K","-0.51%"
"12-07-2022","2,365.65","2,364.40","2,389.80","2,350.15","1.27M","-0.32%"
"11-07-2022","2,373.25","2,293.05","2,384.60","2,291.05","1.97M","3.50%"
"08-07-2022","2,293.05","2,286.00","2,303.60","2,263.90","898.58K","0.82%"
"07-07-2022","2,274.30","2,280.00","2,294.95","2,256.00","946.13K","0.06%"
"06-07-2022","2,272.85","2,245.00","2,277.00","2,236.50","1.05M","1.18%"
"05-07-2022","2,246.45","2,264.00","2,290.70","2,238.00","1.36M","-0.68%"
"04-07-2022","2,261.85","2,232.20","2,277.00","2,228.35","1.58M","1.33%"
"01-07-2022","2,232.20","2,189.90","2,242.00","2,138.25","2.14M","1.89%"
"30-06-2022","2,190.90","2,220.00","2,248.50","2,180.50","1.57M","-1.32%"
"29-06-2022","2,220.10","2,185.00","2,247.80","2,177.20","1.69M","0.70%"
"28-06-2022","2,204.60","2,170.00","2,210.25","2,160.00","1.28M","1.05%"
"27-06-2022","2,181.60","2,189.00","2,211.00","2,169.35","1.20M","0.93%"
"24-06-2022","2,161.45","2,121.00","2,168.00","2,108.60","1.16M","2.42%"
"23-06-2022","2,110.35","2,105.00","2,128.00","2,080.00","1.03M","1.01%"
"22-06-2022","2,089.20","2,149.95","2,149.95","2,077.10","1.77M","-3.36%"
"21-06-2022","2,161.80","2,100.00","2,177.00","2,091.65","1.33M","3.94%"
"20-06-2022","2,079.85","2,107.30","2,123.30","2,025.00","2.60M","-0.76%"
"17-06-2022","2,095.80","2,062.00","2,137.40","2,060.15","2.28M","0.61%"
"16-06-2022","2,083.00","2,205.00","2,217.30","2,076.05","2.13M","-4.65%"
"15-06-2022","2,184.60","2,218.40","2,219.70","2,174.20","1.31M","-0.54%"
"14-06-2022","2,196.45","2,274.00","2,274.00","2,053.10","6.52M","5.61%"
"13-06-2022","2,079.75","2,172.50","2,172.50","2,066.75","1.76M","-5.60%"
"10-06-2022","2,203.10","2,190.00","2,215.00","2,171.00","1.31M","-0.73%"
"09-06-2022","2,219.20","2,160.30","2,224.00","2,155.00","1.44M","1.93%"
"08-06-2022","2,177.20","2,244.95","2,244.95","2,158.55","1.53M","-2.26%"
"07-06-2022","2,227.55","2,210.00","2,254.70","2,207.05","2.05M","0.11%"
"06-06-2022","2,225.05","2,188.50","2,230.00","2,168.20","1.66M","1.60%"
"03-06-2022","2,190.00","2,235.00","2,242.25","2,176.05","1.65M","-0.88%"
"02-06-2022","2,209.40","2,155.00","2,218.00","2,142.30","1.86M","2.72%"
"01-06-2022","2,150.90","2,169.95","2,189.30","2,126.00","1.45M","-0.77%"
"31-05-2022","2,167.55","2,160.00","2,225.80","2,150.40","2.86M","0.09%"
"30-05-2022","2,165.65","2,120.00","2,175.00","2,102.00","1.38M","4.11%"
"27-05-2022","2,080.15","2,080.00","2,094.30","2,047.70","1.35M","1.65%"
"26-05-2022","2,046.40","2,077.00","2,088.00","1,906.20","4.97M","-1.34%"
"25-05-2022","2,074.15","2,168.00","2,181.45","2,066.20","1.38M","-3.98%"
"24-05-2022","2,160.20","2,161.00","2,178.90","2,142.55","1.01M","-0.48%"
"23-05-2022","2,170.65","2,231.75","2,245.00","2,155.65","1.46M","-2.20%"
"20-05-2022","2,219.55","2,159.00","2,232.40","2,151.00","1.44M","4.96%"
"19-05-2022","2,114.75","2,145.00","2,154.75","2,097.60","986.93K","-3.04%"
"18-05-2022","2,181.10","2,199.70","2,216.90","2,172.00","1.30M","-0.17%"
"17-05-2022","2,184.85","2,133.05","2,192.25","2,119.40","1.06M","3.75%"
"16-05-2022","2,105.90","2,082.65","2,141.95","2,057.65","1.74M","2.52%"
"13-05-2022","2,054.15","2,084.50","2,135.00","2,035.30","1.55M","0.44%"
"12-05-2022","2,045.20","2,103.00","2,113.60","2,011.05","1.55M","-3.50%"
"11-05-2022","2,119.30","2,109.60","2,157.75","2,077.00","1.40M","0.46%"
"10-05-2022","2,109.50","2,190.00","2,220.00","2,097.50","1.47M","-4.01%"
"09-05-2022","2,197.65","2,229.50","2,244.20","2,180.00","1.45M","-2.23%"
"06-05-2022","2,247.70","2,210.00","2,262.00","2,200.00","1.16M","-0.34%"
"05-05-2022","2,255.40","2,270.00","2,303.80","2,236.00","1.64M","0.07%"
"04-05-2022","2,253.80","2,358.70","2,362.90","2,233.05","1.74M","-3.66%"
"02-05-2022","2,339.50","2,325.00","2,362.30","2,311.00","1.01M","0.32%"
"29-04-2022","2,332.00","2,389.00","2,394.15","2,301.50","1.92M","-1.96%"
"28-04-2022","2,378.55","2,359.85","2,389.90","2,336.30","1.68M","1.90%"
"27-04-2022","2,334.10","2,404.95","2,420.95","2,325.00","2.56M","-2.56%"
"26-04-2022","2,395.30","2,297.00","2,413.90","2,295.10","3.20M","4.86%"
"25-04-2022","2,284.20","2,259.95","2,295.00","2,242.60","1.68M","0.48%"
"22-04-2022","2,273.30","2,297.00","2,306.00","2,265.00","1.79M","-0.57%"
"21-04-2022","2,286.35","2,216.00","2,293.55","2,203.90","2.24M","4.69%"
"20-04-2022","2,183.95","2,178.00","2,207.95","2,161.90","1.12M","0.72%"
"19-04-2022","2,168.30","2,245.00","2,255.00","2,140.10","1.64M","-2.93%"
"18-04-2022","2,233.85","2,179.80","2,240.00","2,156.75","1.75M","1.56%"
"13-04-2022","2,199.45","2,210.00","2,217.15","2,173.45","992.51K","0.11%"
"12-04-2022","2,196.95","2,188.00","2,219.00","2,155.00","2.63M","0.77%"
"11-04-2022","2,180.20","2,181.85","2,200.00","2,158.50","1.62M","0.43%"
"08-04-2022","2,170.95","2,115.00","2,176.00","2,105.25","1.92M","3.43%"
"07-04-2022","2,099.05","2,165.95","2,214.95","2,081.25","3.50M","-2.82%"
"06-04-2022","2,160.00","2,153.75","2,182.85","2,124.20","2.26M","0.94%"
"05-04-2022","2,139.85","2,078.00","2,189.80","2,067.60","4.97M","3.58%"
"04-04-2022","2,065.85","2,050.00","2,075.50","2,032.00","1.33M","1.09%"
"01-04-2022","2,043.65","2,018.00","2,049.00","2,013.05","1.27M","1.43%"
"31-03-2022","2,014.75","2,005.00","2,042.00","1,991.00","2.79M","0.98%"
"30-03-2022","1,995.25","1,927.70","2,015.00","1,917.30","3.22M","4.07%"
"29-03-2022","1,917.25","1,919.25","1,930.90","1,885.50","1.72M","0.40%"
"28-03-2022","1,909.70","1,876.90","1,924.40","1,851.05","1.90M","2.29%"
"25-03-2022","1,867.00","1,835.55","1,878.00","1,822.00","1.37M","1.87%"
"24-03-2022","1,832.80","1,815.00","1,839.55","1,800.15","1.03M","1.20%"
"23-03-2022","1,811.00","1,848.05","1,848.05","1,800.85","1.55M","-1.12%"
"22-03-2022","1,831.55","1,802.95","1,837.00","1,790.00","964.07K","1.59%"
"21-03-2022","1,802.95","1,836.05","1,841.90","1,796.15","1.08M","-0.92%"
"17-03-2022","1,819.65","1,775.60","1,823.60","1,760.00","2.39M","3.51%"
"16-03-2022","1,758.00","1,724.00","1,764.00","1,718.65","1.27M","3.33%"
"15-03-2022","1,701.40","1,740.00","1,754.20","1,686.65","1.09M","-2.00%"
"14-03-2022","1,736.10","1,732.00","1,752.45","1,722.45","659.19K","0.12%"
"11-03-2022","1,734.10","1,750.00","1,757.00","1,721.20","1.35M","-0.50%"
"10-03-2022","1,742.85","1,682.00","1,749.60","1,678.25","2.29M","5.21%"
"09-03-2022","1,656.55","1,609.60","1,669.95","1,608.00","1.50M","3.43%"
"08-03-2022","1,601.60","1,574.90","1,607.40","1,553.40","1.40M","2.40%"
"07-03-2022","1,564.05","1,590.00","1,592.00","1,539.30","1.51M","-3.15%"
"04-03-2022","1,615.00","1,621.80","1,655.50","1,601.20","1.43M","-1.75%"
"03-03-2022","1,643.80","1,670.00","1,678.20","1,634.95","1.33M","0.12%"
"02-03-2022","1,641.80","1,638.00","1,664.25","1,615.50","1.25M","-0.16%"
"28-02-2022","1,644.45","1,603.75","1,651.10","1,592.25","1.87M","1.59%"
"25-02-2022","1,618.70","1,594.00","1,638.10","1,578.80","1.74M","4.84%"
"24-02-2022","1,543.95","1,626.00","1,648.60","1,528.80","2.80M","-8.57%"
"23-02-2022","1,688.70","1,682.00","1,717.50","1,670.00","1.29M","1.26%"
"22-02-2022","1,667.70","1,636.10","1,678.90","1,630.00","1.72M","-1.04%"
"21-02-2022","1,685.20","1,738.80","1,738.80","1,671.30","1.45M","-2.94%"
"18-02-2022","1,736.30","1,739.00","1,754.60","1,725.00","945.10K","0.31%"
"17-02-2022","1,730.95","1,750.00","1,762.00","1,724.00","1.08M","-0.41%"
"16-02-2022","1,738.10","1,744.25","1,776.00","1,730.00","1.66M","-0.35%"
"15-02-2022","1,744.25","1,636.00","1,751.40","1,627.85","2.26M","4.83%"
"14-02-2022","1,663.95","1,736.30","1,737.90","1,653.00","1.92M","-5.69%"
"11-02-2022","1,764.30","1,764.00","1,774.90","1,743.35","1.20M","-1.22%"
"10-02-2022","1,786.10","1,799.00","1,809.00","1,766.00","1.75M","0.17%"
"09-02-2022","1,783.15","1,724.60","1,791.90","1,718.10","1.67M","3.91%"
"08-02-2022","1,716.00","1,739.40","1,747.00","1,677.05","1.48M","-0.91%"
"07-02-2022","1,731.80","1,765.00","1,765.50","1,722.10","854.87K","-1.45%"
"04-02-2022","1,757.30","1,758.00","1,770.00","1,733.70","856.00K","0.31%"
"03-02-2022","1,751.85","1,771.95","1,787.00","1,746.40","588.87K","-1.55%"
"02-02-2022","1,779.35","1,755.00","1,786.00","1,747.00","1.41M","1.86%"
"01-02-2022","1,746.90","1,727.95","1,765.10","1,699.15","1.57M","1.86%"
"31-01-2022","1,714.95","1,708.95","1,734.00","1,705.00","1.02M","1.25%"
"28-01-2022","1,693.70","1,702.50","1,744.10","1,683.95","1.62M","0.46%"
"27-01-2022","1,686.00","1,718.00","1,725.55","1,654.50","3.55M","-3.18%"
"25-01-2022","1,741.40","1,668.00","1,750.55","1,668.00","1.82M","1.49%"
"24-01-2022","1,715.80","1,822.00","1,827.45","1,696.55","2.38M","-6.16%"
"21-01-2022","1,828.35","1,860.85","1,873.00","1,810.75","1.93M","-2.01%"
"20-01-2022","1,865.85","1,855.00","1,880.35","1,843.70","1.25M","0.89%"
"19-01-2022","1,849.30","1,839.80","1,857.00","1,811.25","1.54M","0.45%"
"18-01-2022","1,840.95","1,885.00","1,908.50","1,830.05","2.29M","-1.96%"
"17-01-2022","1,877.80","1,876.00","1,901.40","1,855.65","1.70M","0.40%"
"14-01-2022","1,870.25","1,850.00","1,890.45","1,831.10","2.36M","0.91%"
"13-01-2022","1,853.35","1,834.00","1,863.00","1,808.00","1.88M","1.27%"
"12-01-2022","1,830.10","1,873.00","1,873.00","1,808.30","2.52M","-0.75%"
"11-01-2022","1,843.90","1,758.00","1,850.00","1,737.00","5.13M","5.21%"
"10-01-2022","1,752.60","1,707.55","1,766.00","1,699.10","1.67M","3.15%"
"07-01-2022","1,699.10","1,719.90","1,730.80","1,689.50","1.30M","-0.82%"
"06-01-2022","1,713.10","1,710.00","1,723.85","1,675.60","1.62M","-0.14%"
"05-01-2022","1,715.45","1,722.00","1,744.65","1,702.55","1.58M","-0.21%"
"04-01-2022","1,719.00","1,725.75","1,728.00","1,700.00","1.19M","0.11%"
"03-01-2022","1,717.15","1,713.00","1,733.00","1,711.20","1.09M","0.45%"
"31-12-2021","1,709.45","1,694.95","1,725.00","1,691.05","1.31M","0.77%"
"30-12-2021","1,696.40","1,714.00","1,725.00","1,685.00","1.36M","-1.26%"
"29-12-2021","1,718.05","1,751.00","1,755.00","1,709.40","1.10M","-1.88%"
"28-12-2021","1,751.00","1,740.00","1,760.00","1,728.10","1.55M","1.20%"
"27-12-2021","1,730.20","1,694.75","1,738.00","1,686.05","1.67M","1.88%"
"24-12-2021","1,698.20","1,680.00","1,703.95","1,658.20","1.23M","1.31%"
"23-12-2021","1,676.20","1,674.70","1,684.20","1,658.20","979.02K","1.09%"
"22-12-2021","1,658.10","1,631.25","1,663.45","1,627.00","993.01K","2.32%"
"21-12-2021","1,620.50","1,621.10","1,645.90","1,602.90","1.56M","1.92%"
"20-12-2021","1,589.95","1,629.00","1,629.00","1,555.20","1.95M","-3.36%"
"17-12-2021","1,645.30","1,698.95","1,702.00","1,640.00","1.22M","-3.33%"
"16-12-2021","1,702.05","1,707.30","1,719.85","1,687.00","751.89K","0.40%"
"15-12-2021","1,695.30","1,720.00","1,727.00","1,687.05","866.38K","-1.44%"
"14-12-2021","1,720.10","1,712.00","1,727.90","1,683.00","1.20M","0.03%"
"13-12-2021","1,719.55","1,755.00","1,762.20","1,711.10","1.10M","-1.20%"
"10-12-2021","1,740.40","1,710.60","1,788.00","1,710.60","2.71M","1.05%"
"09-12-2021","1,722.25","1,725.00","1,739.25","1,706.60","1.31M","0.39%"
"08-12-2021","1,715.50","1,679.80","1,726.40","1,679.05","1.41M","2.21%"
"07-12-2021","1,678.45","1,658.90","1,686.70","1,654.00","1.48M","2.00%"
"06-12-2021","1,645.60","1,710.00","1,727.95","1,640.00","1.57M","-3.66%"
"03-12-2021","1,708.10","1,734.00","1,745.00","1,701.10","1.54M","-1.39%"
"02-12-2021","1,732.25","1,692.50","1,735.00","1,687.65","2.16M","2.30%"
"01-12-2021","1,693.30","1,694.00","1,705.00","1,652.35","2.48M","1.83%"
"30-11-2021","1,662.85","1,668.00","1,718.65","1,648.15","2.95M","-0.13%"
"29-11-2021","1,665.05","1,655.00","1,697.00","1,609.85","2.12M","-0.27%"
"26-11-2021","1,669.55","1,740.00","1,768.55","1,660.85","3.51M","-5.30%"
"25-11-2021","1,763.05","1,762.95","1,773.70","1,735.55","2.34M","0.45%"
"24-11-2021","1,755.15","1,721.60","1,788.90","1,712.45","4.56M","2.76%"
"23-11-2021","1,707.95","1,660.15","1,720.35","1,650.00","2.47M","1.92%"
"22-11-2021","1,675.75","1,691.40","1,701.40","1,610.05","2.55M","-0.77%"
"18-11-2021","1,688.75","1,708.00","1,714.00","1,640.00","2.26M","-1.04%"
"17-11-2021","1,706.45","1,714.00","1,729.70","1,682.50","1.48M","-0.30%"
"16-11-2021","1,711.60","1,759.45","1,766.55","1,706.90","2.17M","-2.17%"
"15-11-2021","1,749.55","1,713.75","1,764.00","1,691.80","4.00M","2.60%"
"12-11-2021","1,705.20","1,678.30","1,719.50","1,670.10","5.35M","2.42%"
"11-11-2021","1,664.90","1,650.00","1,704.00","1,640.85","4.47M","0.55%"
"10-11-2021","1,655.85","1,625.55","1,686.00","1,620.40","3.73M","1.25%"
"09-11-2021","1,635.45","1,555.00","1,659.00","1,554.95","4.71M","4.29%"
"08-11-2021","1,568.25","1,495.00","1,575.15","1,485.65","2.57M","5.29%"
"04-11-2021","1,489.45","1,495.00","1,511.50","1,483.00","272.26K","0.24%"
"03-11-2021","1,485.90","1,474.00","1,501.00","1,464.45","1.71M","0.89%"
"02-11-2021","1,472.80","1,455.00","1,489.00","1,452.80","1.67M","1.90%"
"01-11-2021","1,445.30","1,436.00","1,457.00","1,411.20","1.54M","1.52%"
"29-10-2021","1,423.60","1,400.00","1,454.80","1,377.75","3.17M","1.79%"
"28-10-2021","1,398.55","1,550.00","1,566.90","1,367.70","7.09M","-10.72%"
"27-10-2021","1,566.55","1,548.00","1,581.15","1,540.00","2.12M","1.47%"
"26-10-2021","1,543.85","1,532.00","1,557.25","1,520.90","1.66M","0.76%"
"25-10-2021","1,532.20","1,545.00","1,551.40","1,494.05","2.28M","-0.70%"
"22-10-2021","1,543.00","1,595.05","1,608.80","1,537.00","2.58M","-3.26%"
"21-10-2021","1,595.05","1,601.95","1,626.85","1,581.70","3.13M","0.34%"
"20-10-2021","1,589.70","1,574.00","1,607.35","1,539.10","2.77M","1.29%"
"19-10-2021","1,569.45","1,625.20","1,637.00","1,562.05","1.82M","-2.85%"
"18-10-2021","1,615.50","1,672.95","1,672.95","1,608.55","3.79M","-1.87%"
"14-10-2021","1,646.35","1,580.00","1,656.00","1,574.80","5.26M","4.88%"
"13-10-2021","1,569.70","1,568.45","1,608.30","1,551.30","3.92M","0.98%"
"12-10-2021","1,554.45","1,539.00","1,566.90","1,514.50","1.90M","0.95%"
"11-10-2021","1,539.75","1,553.00","1,563.70","1,532.15","1.91M","-0.53%"
"08-10-2021","1,547.90","1,522.00","1,569.45","1,511.45","2.65M","1.79%"
"07-10-2021","1,520.75","1,502.85","1,535.75","1,490.00","1.92M","2.78%"
"06-10-2021","1,479.55","1,529.80","1,541.00","1,472.00","1.78M","-3.15%"
"05-10-2021","1,527.65","1,515.00","1,557.85","1,512.35","2.54M","0.07%"
"04-10-2021","1,526.65","1,471.00","1,531.00","1,460.10","3.21M","4.66%"
"01-10-2021","1,458.70","1,465.00","1,468.75","1,422.65","2.31M","-0.64%"
"30-09-2021","1,468.10","1,484.70","1,519.00","1,463.35","2.07M","-1.18%"
"29-09-2021","1,485.65","1,466.30","1,498.00","1,464.30","1.76M","-0.11%"
"28-09-2021","1,487.30","1,557.00","1,557.90","1,475.00","3.55M","-2.87%"
"27-09-2021","1,531.25","1,462.00","1,544.00","1,462.00","4.74M","4.76%"
"24-09-2021","1,461.70","1,483.00","1,516.00","1,455.00","2.76M","-0.86%"
"23-09-2021","1,474.35","1,453.00","1,480.00","1,441.10","1.62M","2.55%"
"22-09-2021","1,437.75","1,435.00","1,462.65","1,424.35","1.66M","-0.26%"
"21-09-2021","1,441.45","1,420.00","1,446.95","1,381.35","2.68M","1.59%"
"20-09-2021","1,418.85","1,464.90","1,488.50","1,409.95","2.27M","-4.15%"
"17-09-2021","1,480.25","1,503.20","1,525.00","1,465.75","3.33M","-1.53%"
"16-09-2021","1,503.20","1,523.00","1,535.00","1,499.75","7.62M","-0.90%"
"15-09-2021","1,516.80","1,524.00","1,545.60","1,496.90","12.83M","0.24%"
"14-09-2021","1,513.20","1,539.90","1,547.25","1,497.05","7.14M","-1.26%"
"13-09-2021","1,532.45","1,548.00","1,557.00","1,525.25","1.76M","-0.81%"
"09-09-2021","1,545.00","1,561.60","1,565.50","1,535.05","1.24M","-0.70%"
"08-09-2021","1,555.95","1,559.90","1,579.00","1,538.25","2.08M","-0.14%"
"07-09-2021","1,558.10","1,585.10","1,592.35","1,553.00","1.65M","-1.51%"
"06-09-2021","1,582.00","1,572.00","1,628.45","1,566.05","5.56M","1.05%"
"03-09-2021","1,565.55","1,578.50","1,581.40","1,551.55","1.69M","-0.32%"
"02-09-2021","1,570.55","1,571.00","1,594.30","1,565.50","2.17M","0.34%"
"01-09-2021","1,565.20","1,594.90","1,600.85","1,561.50","3.06M","-1.41%"
"31-08-2021","1,587.60","1,517.30","1,596.85","1,512.80","7.23M","4.68%"
"30-08-2021","1,516.55","1,513.75","1,527.00","1,493.30","3.15M","0.70%"
"27-08-2021","1,506.05","1,475.00","1,515.00","1,474.10","5.16M","2.06%"
"26-08-2021","1,475.70","1,482.00","1,494.65","1,460.40","4.68M","0.02%"
"25-08-2021","1,475.35","1,444.25","1,481.80","1,425.00","5.36M","2.61%"
"24-08-2021","1,437.80","1,407.00","1,448.40","1,390.00","3.36M","2.94%"
"23-08-2021","1,396.70","1,415.05","1,427.75","1,361.55","4.87M","-2.34%"
"20-08-2021","1,430.10","1,438.00","1,482.65","1,411.00","4.93M","-2.05%"
"18-08-2021","1,460.00","1,441.90","1,496.80","1,432.60","4.74M","1.27%"
"17-08-2021","1,441.65","1,431.00","1,451.00","1,416.20","3.06M","0.81%"
"16-08-2021","1,430.10","1,431.50","1,449.70","1,413.55","1.91M","-0.48%"
"13-08-2021","1,437.00","1,445.00","1,454.00","1,428.00","2.10M","-0.41%"
"12-08-2021","1,442.90","1,443.60","1,458.00","1,430.25","2.46M","0.41%"
"11-08-2021","1,437.05","1,455.00","1,456.60","1,407.00","3.20M","-0.65%"
"10-08-2021","1,446.50","1,488.00","1,498.65","1,426.05","3.58M","-3.14%"
"09-08-2021","1,493.40","1,546.70","1,565.00","1,482.50","6.03M","-2.81%"
"06-08-2021","1,536.65","1,422.00","1,555.00","1,422.00","14.25M","7.28%"
"05-08-2021","1,432.35","1,428.00","1,438.00","1,407.40","2.10M","0.20%"
"04-08-2021","1,429.55","1,460.00","1,460.00","1,423.05","3.34M","-0.92%"
"03-08-2021","1,442.80","1,467.00","1,467.00","1,422.20","4.44M","0.32%"
"02-08-2021","1,438.20","1,435.00","1,445.00","1,424.10","2.48M","1.26%"
"30-07-2021","1,420.25","1,409.50","1,449.50","1,400.25","4.40M","1.43%"
"29-07-2021","1,400.25","1,413.95","1,425.00","1,397.00","2.54M","0.03%"
"28-07-2021","1,399.90","1,406.85","1,424.80","1,378.60","3.19M","0.23%"
"27-07-2021","1,396.75","1,403.90","1,424.60","1,378.15","2.98M","-0.51%"
"26-07-2021","1,403.90","1,399.80","1,416.80","1,392.00","2.05M","0.16%"
"23-07-2021","1,401.65","1,430.00","1,434.85","1,386.20","4.69M","-1.07%"
"22-07-2021","1,416.75","1,375.00","1,424.90","1,340.50","5.01M","3.74%"
"20-07-2021","1,365.70","1,340.00","1,382.90","1,336.10","4.53M","-1.08%"
"19-07-2021","1,380.60","1,390.00","1,412.65","1,332.75","6.19M","-1.07%"
"16-07-2021","1,395.50","1,409.00","1,415.00","1,388.25","2.13M","-0.88%"
"15-07-2021","1,407.95","1,399.00","1,429.00","1,393.40","2.73M","0.42%"
"14-07-2021","1,402.05","1,449.00","1,449.00","1,397.80","3.86M","-1.10%"
"13-07-2021","1,417.70","1,433.00","1,433.00","1,385.20","4.16M","-0.21%"
"12-07-2021","1,420.70","1,442.00","1,447.00","1,414.15","2.56M","-0.74%"
"09-07-2021","1,431.35","1,425.90","1,456.60","1,416.45","4.50M","0.38%"
"08-07-2021","1,425.90","1,420.00","1,445.00","1,411.80","3.90M","0.02%"
"07-07-2021","1,425.65","1,420.00","1,437.10","1,385.00","5.55M","0.77%"
"06-07-2021","1,414.80","1,400.90","1,444.15","1,378.75","9.49M","1.47%"
"05-07-2021","1,394.35","1,427.00","1,443.95","1,350.60","12.24M","-1.95%"
"02-07-2021","1,422.05","1,490.25","1,507.70","1,411.55","6.65M","-4.58%"
"01-07-2021","1,490.25","1,509.55","1,522.55","1,482.90","3.76M","-1.15%"
"30-06-2021","1,507.55","1,539.00","1,539.00","1,502.70","3.26M","-1.05%"
"29-06-2021","1,523.55","1,526.00","1,548.70","1,513.00","5.55M","-0.14%"
"28-06-2021","1,525.75","1,524.90","1,565.00","1,518.20","6.18M","0.41%"
"25-06-2021","1,519.45","1,525.00","1,534.00","1,501.00","4.96M","0.73%"
"24-06-2021","1,508.50","1,509.95","1,519.00","1,488.05","7.26M","0.25%"
"23-06-2021","1,504.75","1,560.10","1,569.95","1,481.30","12.68M","-2.39%"
"22-06-2021","1,541.60","1,554.05","1,582.00","1,531.80","12.07M","0.10%"
"21-06-2021","1,540.00","1,490.00","1,582.00","1,444.85","21.10M","3.53%"
"18-06-2021","1,487.50","1,350.00","1,504.00","1,332.55","30.53M","8.76%"
"17-06-2021","1,367.70","1,380.00","1,436.00","1,303.50","27.93M","-5.57%"
"16-06-2021","1,448.30","1,510.00","1,538.20","1,409.30","12.63M","-5.88%"
"15-06-2021","1,538.85","1,550.95","1,572.60","1,477.20","22.32M","2.49%"
"14-06-2021","1,501.45","1,441.45","1,529.95","1,201.20","43.53M","-6.25%"
"11-06-2021","1,601.60","1,615.10","1,620.10","1,575.25","5.36M","-0.65%"
"10-06-2021","1,612.00","1,612.00","1,630.00","1,591.00","5.36M","1.09%"
"09-06-2021","1,594.65","1,640.00","1,649.45","1,571.85","11.61M","-2.55%"
"08-06-2021","1,636.45","1,633.00","1,668.00","1,602.45","12.41M","0.75%"
"07-06-2021","1,624.30","1,715.00","1,717.20","1,613.00","15.35M","-4.51%"
"04-06-2021","1,700.95","1,605.00","1,713.55","1,585.80","21.10M","7.44%"
"03-06-2021","1,583.10","1,564.00","1,623.80","1,553.00","19.11M","2.35%"
"02-06-2021","1,546.75","1,425.55","1,557.00","1,413.00","24.54M","9.21%"
"01-06-2021","1,416.25","1,319.90","1,430.00","1,309.05","10.02M","7.59%"
"31-05-2021","1,316.30","1,307.05","1,321.50","1,292.00","2.71M","1.05%"
"28-05-2021","1,302.60","1,311.60","1,330.45","1,298.00","2.98M","-1.75%"
"27-05-2021","1,325.80","1,329.50","1,342.00","1,304.25","36.69M","0.23%"
"26-05-2021","1,322.80","1,288.95","1,326.85","1,254.25","5.63M","3.12%"
"25-05-2021","1,282.75","1,314.35","1,322.00","1,272.90","3.70M","-1.84%"
"24-05-2021","1,306.80","1,321.70","1,328.65","1,303.00","7.91M","-0.63%"
"21-05-2021","1,315.10","1,320.00","1,336.00","1,300.05","8.31M","1.01%"
"20-05-2021","1,302.00","1,301.30","1,320.00","1,283.95","5.84M","0.56%"
"19-05-2021","1,294.70","1,350.00","1,351.55","1,283.90","9.93M","-2.41%"
"18-05-2021","1,326.70","1,314.95","1,344.95","1,302.00","6.53M","2.92%"
"17-05-2021","1,289.10","1,230.00","1,299.00","1,227.45","7.78M","5.63%"
"14-05-2021","1,220.35","1,300.00","1,302.00","1,213.35","6.38M","-5.09%"
"12-05-2021","1,285.80","1,311.00","1,328.50","1,278.60","4.14M","-1.36%"
"11-05-2021","1,303.50","1,292.00","1,326.00","1,284.00","4.74M","-0.05%"
"10-05-2021","1,304.10","1,294.90","1,314.00","1,286.30","3.89M","0.40%"
"07-05-2021","1,298.90","1,305.00","1,322.40","1,290.45","4.58M","0.94%"
"06-05-2021","1,286.75","1,272.35","1,311.85","1,263.00","6.24M","1.52%"
"05-05-2021","1,267.50","1,274.40","1,288.25","1,240.25","7.81M","0.40%"
"04-05-2021","1,262.50","1,285.00","1,298.95","1,241.85","10.27M","0.55%"
"03-05-2021","1,255.55","1,145.10","1,264.40","1,122.65","11.28M","8.36%"
"30-04-2021","1,158.70","1,171.00","1,200.95","1,143.00","4.23M","-2.00%"
"29-04-2021","1,182.30","1,196.55","1,212.65","1,178.00","4.07M","-0.24%"
"28-04-2021","1,185.20","1,207.95","1,213.95","1,180.75","5.02M","-0.50%"
"27-04-2021","1,191.15","1,184.70","1,213.50","1,181.00","7.11M","1.52%"
"26-04-2021","1,173.35","1,160.00","1,197.90","1,160.00","6.94M","1.36%"
"23-04-2021","1,157.60","1,161.00","1,182.90","1,145.65","6.17M","-0.02%"
"22-04-2021","1,157.80","1,134.00","1,169.00","1,123.00","7.12M","1.32%"
"20-04-2021","1,142.75","1,156.85","1,177.70","1,125.05","8.26M","0.56%"
"19-04-2021","1,136.35","1,100.00","1,153.00","1,089.00","8.57M","-1.95%"
"16-04-2021","1,159.00","1,130.00","1,192.00","1,112.00","10.66M","2.57%"
"15-04-2021","1,129.95","1,095.00","1,144.90","1,081.35","9.35M","2.13%"
"13-04-2021","1,106.35","1,077.00","1,116.30","1,051.05","12.14M","2.97%"
"12-04-2021","1,074.40","1,177.40","1,177.40","1,061.40","13.69M","-10.57%"
"09-04-2021","1,201.40","1,163.40","1,228.00","1,151.20","12.92M","3.35%"
"08-04-2021","1,162.50","1,162.50","1,191.00","1,137.75","12.40M","-0.26%"
"07-04-2021","1,165.55","1,233.40","1,251.60","1,108.00","23.01M","-4.88%"
"06-04-2021","1,225.40","1,153.40","1,241.00","1,142.50","21.50M","7.66%"
"05-04-2021","1,138.25","1,127.00","1,150.00","1,098.85","15.80M","2.80%"
"01-04-2021","1,107.20","1,043.40","1,116.05","1,035.00","12.71M","7.38%"
"31-03-2021","1,031.15","1,038.00","1,053.15","1,016.60","6.44M","-0.04%"
"30-03-2021","1,031.55","1,004.00","1,042.45","988.00","10.47M","4.38%"
"26-03-2021","988.30","1,000.00","1,018.45","978.00","9.40M","0.69%"
"25-03-2021","981.55","1,032.95","1,041.45","977.00","13.14M","-4.28%"
"24-03-2021","1,025.45","1,063.00","1,093.00","1,018.40","22.88M","-3.11%"
"23-03-2021","1,058.40","999.00","1,086.70","991.05","31.10M","6.80%"
"22-03-2021","991.05","892.90","1,003.00","883.45","22.60M","11.40%"
"19-03-2021","889.65","866.00","895.40","840.20","4.79M","2.14%"
"18-03-2021","871.05","876.00","891.00","857.75","4.47M","-0.33%"
"17-03-2021","873.90","898.00","905.40","865.00","3.89M","-2.66%"
"16-03-2021","897.80","900.70","904.40","888.05","2.56M","0.18%"
"15-03-2021","896.20","898.75","904.00","874.50","5.24M","0.23%"
"12-03-2021","894.10","905.00","923.80","889.30","6.05M","-0.45%"
"10-03-2021","898.15","911.00","914.10","888.70","5.47M","-0.78%"
"09-03-2021","905.20","918.00","928.40","893.60","5.56M","-0.55%"
"08-03-2021","910.20","918.10","926.40","905.10","3.90M","0.03%"
"05-03-2021","909.90","918.00","934.00","888.30","7.11M","-0.93%"
"04-03-2021","918.40","910.00","938.70","905.40","8.14M","0.33%"
"03-03-2021","915.35","880.45","944.90","872.85","11.67M","4.91%"
"02-03-2021","872.55","857.40","876.50","852.25","5.12M","2.47%"
"01-03-2021","851.50","840.75","860.95","836.45","6.00M","2.14%"
"26-02-2021","833.65","833.90","861.00","819.85","11.36M","-1.17%"
"25-02-2021","843.50","814.00","862.40","809.00","12.12M","4.76%"
"24-02-2021","805.20","806.00","812.05","795.45","4.63M","0.69%"
"23-02-2021","799.65","814.80","827.30","789.00","9.75M","-0.78%"
"22-02-2021","805.90","786.00","813.00","780.55","10.89M","3.07%"
"19-02-2021","781.90","813.00","831.00","729.50","20.21M","-3.25%"
"18-02-2021","808.20","787.25","824.50","786.00","9.69M","2.90%"
"17-02-2021","785.45","787.15","802.00","782.25","8.91M","0.67%"
"16-02-2021","780.20","760.00","802.95","756.25","19.43M","2.19%"
"15-02-2021","763.45","725.00","787.95","707.65","21.58M","6.19%"
"12-02-2021","718.95","657.00","724.45","655.20","16.81M","9.16%"
"11-02-2021","658.60","654.00","661.00","645.35","3.69M","1.21%"
"10-02-2021","650.70","633.05","654.90","622.10","5.99M","3.31%"
"09-02-2021","629.85","631.45","641.90","621.00","4.51M","0.25%"
"08-02-2021","628.30","605.40","638.00","603.55","7.09M","5.53%"
"05-02-2021","595.35","595.00","607.85","588.60","4.75M","0.96%"
"04-02-2021","589.70","561.95","611.70","556.00","11.18M","4.08%"
"03-02-2021","566.60","568.00","576.60","558.35","6.09M","0.43%"
"02-02-2021","564.20","542.05","566.90","540.80","5.14M","5.03%"
"01-02-2021","537.20","510.50","539.50","496.90","4.00M","6.03%"
"29-01-2021","506.65","515.20","525.20","502.50","3.82M","-1.02%"
"28-01-2021","511.85","507.30","519.50","501.35","4.20M","-0.19%"
"27-01-2021","512.80","513.10","521.55","507.05","2.79M","-0.21%"
"25-01-2021","513.90","530.25","534.40","509.00","3.73M","-2.45%"
"22-01-2021","526.80","534.05","546.75","521.60","4.18M","-1.88%"
"21-01-2021","536.90","551.40","552.95","531.55","4.21M","-1.80%"
"20-01-2021","546.75","532.15","552.15","531.00","6.68M","3.14%"
"19-01-2021","530.10","512.30","532.00","512.30","4.18M","4.38%"
"18-01-2021","507.85","528.00","529.10","502.05","5.20M","-3.69%"
"15-01-2021","527.30","534.70","537.50","518.80","3.38M","-0.90%"
"14-01-2021","532.10","534.95","541.00","528.40","3.16M","-0.74%"
"13-01-2021","536.05","529.10","540.20","521.30","4.95M","2.03%"
"12-01-2021","525.40","519.00","536.60","517.10","4.88M","1.20%"
"11-01-2021","519.15","520.60","524.60","510.50","4.15M","0.22%"
"08-01-2021","518.00","523.00","526.60","514.10","3.70M","-0.02%"
"07-01-2021","518.10","493.90","523.95","493.80","9.88M","5.54%"
"06-01-2021","490.90","496.00","500.65","484.25","3.30M","-0.71%"
"05-01-2021","494.40","492.00","501.40","489.60","3.65M","-0.02%"
"04-01-2021","494.50","492.00","502.60","486.65","4.94M","0.68%"
"01-01-2021","491.15","477.00","493.25","477.00","5.04M","2.42%"